pair_offset,source_row,inserted_count,cosine_similarity
0,20,0,0.5053189992904663
0,20,1,0.4960934817790985
0,20,2,0.607426643371582
0,20,3,0.6429623365402222
0,20,4,0.6619231700897217
0,20,5,0.6748014688491821
0,20,6,0.6951342821121216
0,20,7,0.7093578577041626
0,20,8,0.7223151922225952
0,20,9,0.7244766354560852
0,20,10,0.7270710468292236
0,20,11,0.728017270565033
0,20,12,0.7286324501037598
0,20,13,0.7283820509910583
0,20,14,0.7287068963050842
0,20,15,0.7288375496864319
0,20,16,0.7284849286079407
0,20,17,0.7287219762802124
0,20,18,0.7288480997085571
0,20,19,0.7289383411407471
0,20,20,0.7290177941322327
0,20,21,0.7290521264076233
0,20,22,0.7291181087493896
0,20,23,0.7291244268417358
0,20,24,0.7291266918182373
0,20,25,0.7291247844696045
0,20,26,0.7291238307952881
0,20,27,0.729122519493103
0,20,28,0.7291194796562195
0,20,29,0.7291162014007568
0,20,30,0.7291125059127808
1,71,0,0.520999014377594
1,71,1,0.5334489941596985
1,71,2,0.6401535272598267
1,71,3,0.6672319173812866
1,71,4,0.6836989521980286
1,71,5,0.6946580410003662
1,71,6,0.709293782711029
1,71,7,0.7141093015670776
1,71,8,0.7172905206680298
1,71,9,0.7196974754333496
1,71,10,0.7215922474861145
1,71,11,0.7230826020240784
1,71,12,0.7242835760116577
1,71,13,0.7256143093109131
1,71,14,0.7263729572296143
1,71,15,0.7273868322372437
1,71,16,0.7280418872833252
1,71,17,0.7284718155860901
1,71,18,0.7288001775741577
1,71,19,0.7291241884231567
1,71,20,0.7260881066322327
1,71,21,0.7262035608291626
1,71,22,0.7264429330825806
1,71,23,0.7266181707382202
1,71,24,0.7267913818359375
1,71,25,0.7268905639648438
1,71,26,0.7294982671737671
1,71,27,0.7296454906463623
1,71,28,0.7297079563140869
1,71,29,0.7297710180282593
1,71,30,0.7298071384429932
2,85,0,0.5234466791152954
2,85,1,0.5427002906799316
2,85,2,0.6187945008277893
2,85,3,0.6200602054595947
2,85,4,0.6455000638961792
2,85,5,0.6595472097396851
2,85,6,0.6760096549987793
2,85,7,0.6876875162124634
2,85,8,0.6950344443321228
2,85,9,0.7006092071533203
2,85,10,0.7050753831863403
2,85,11,0.7087136507034302
2,85,12,0.7118372917175293
2,85,13,0.7138517498970032
2,85,14,0.7198907136917114
2,85,15,0.7229507565498352
2,85,16,0.7250546813011169
2,85,17,0.7296197414398193
2,85,18,0.7311493158340454
2,85,19,0.7321360111236572
2,85,20,0.7328202724456787
2,85,21,0.7333298921585083
2,85,22,0.733762264251709
2,85,23,0.7341421842575073
2,85,24,0.7358267307281494
2,85,25,0.7360909581184387
2,85,26,0.7363373041152954
2,85,27,0.7365370988845825
2,85,28,0.736702561378479
2,85,29,0.7368284463882446
2,85,30,0.7369340062141418
3,119,0,0.5411086082458496
3,119,1,0.5574886798858643
3,119,2,0.6870745420455933
3,119,3,0.7661464214324951
3,119,4,0.7747912406921387
3,119,5,0.7819393873214722
3,119,6,0.7854611277580261
3,119,7,0.7868430018424988
3,119,8,0.7876008749008179
3,119,9,0.7880687713623047
3,119,10,0.7883531451225281
3,119,11,0.7886056900024414
3,119,12,0.788844108581543
3,119,13,0.7890556454658508
3,119,14,0.7859758138656616
3,119,15,0.7861284017562866
3,119,16,0.7862325310707092
3,119,17,0.7862493991851807
3,119,18,0.7863266468048096
3,119,19,0.7863621711730957
3,119,20,0.7863789796829224
3,119,21,0.7863730788230896
3,119,22,0.7863600254058838
3,119,23,0.7863420248031616
3,119,24,0.7863295674324036
3,119,25,0.7863126993179321
3,119,26,0.7862973213195801
3,119,27,0.7863011956214905
3,119,28,0.7874734997749329
3,119,29,0.7874161601066589
3,119,30,0.7873624563217163
4,184,0,0.5749499797821045
4,184,1,0.5679774284362793
4,184,2,0.6231133937835693
4,184,3,0.6643427610397339
4,184,4,0.6799115538597107
4,184,5,0.6915020942687988
4,184,6,0.6964590549468994
4,184,7,0.709071159362793
4,184,8,0.7186893224716187
4,184,9,0.7224135398864746
4,184,10,0.7256449460983276
4,184,11,0.7260305881500244
4,184,12,0.7273460626602173
4,184,13,0.7278668284416199
4,184,14,0.7296169996261597
4,184,15,0.7301849126815796
4,184,16,0.7304389476776123
4,184,17,0.7305933237075806
4,184,18,0.7306415438652039
4,184,19,0.7301142811775208
4,184,20,0.7303017973899841
4,184,21,0.7304317951202393
4,184,22,0.7292364835739136
4,184,23,0.7293211221694946
4,184,24,0.7293757796287537
4,184,25,0.7294114828109741
4,184,26,0.7294352054595947
4,184,27,0.7294506430625916
4,184,28,0.7294569611549377
4,184,29,0.7294552326202393
4,184,30,0.7294435501098633
5,217,0,0.5921089053153992
5,217,1,0.6016813516616821
5,217,2,0.6496453881263733
5,217,3,0.7050879001617432
5,217,4,0.732496976852417
5,217,5,0.7463735342025757
5,217,6,0.767892062664032
5,217,7,0.7760565876960754
5,217,8,0.7805331945419312
5,217,9,0.7838362455368042
5,217,10,0.7861206531524658
5,217,11,0.7815635204315186
5,217,12,0.782210648059845
5,217,13,0.7825165390968323
5,217,14,0.7826759815216064
5,217,15,0.7827402353286743
5,217,16,0.7827440500259399
5,217,17,0.7827435731887817
5,217,18,0.7827131152153015
5,217,19,0.7826588153839111
5,217,20,0.7825902700424194
5,217,21,0.7825192213058472
5,217,22,0.782443642616272
5,217,23,0.7805951833724976
5,217,24,0.7812840938568115
5,217,25,0.7812322378158569
5,217,26,0.7811969518661499
5,217,27,0.7811734676361084
5,217,28,0.7811388969421387
5,217,29,0.781087338924408
5,217,30,0.7810300588607788
6,250,0,0.6092643737792969
6,250,1,0.6047857999801636
6,250,2,0.6658574342727661
6,250,3,0.6771718263626099
6,250,4,0.7032887935638428
6,250,5,0.7143120765686035
6,250,6,0.7210784554481506
6,250,7,0.7284261584281921
6,250,8,0.7328957319259644
6,250,9,0.7362546920776367
6,250,10,0.7384843826293945
6,250,11,0.7403366565704346
6,250,12,0.7438610196113586
6,250,13,0.7424646019935608
6,250,14,0.7435117959976196
6,250,15,0.7441725730895996
6,250,16,0.7447518706321716
6,250,17,0.7450529336929321
6,250,18,0.7438434362411499
6,250,19,0.7445656657218933
6,250,20,0.7449755668640137
6,250,21,0.7452638149261475
6,250,22,0.7470162510871887
6,250,23,0.7459716200828552
6,250,24,0.746245265007019
6,250,25,0.7456731796264648
6,250,26,0.7458021640777588
6,250,27,0.745913028717041
6,250,28,0.7460081577301025
6,250,29,0.7460756301879883
6,250,30,0.7461287975311279
7,312,0,0.6415008306503296
7,312,1,0.6537848711013794
7,312,2,0.7361920475959778
7,312,3,0.7553210258483887
7,312,4,0.7658919095993042
7,312,5,0.7748481035232544
7,312,6,0.7774928212165833
7,312,7,0.7799253463745117
7,312,8,0.7813275456428528
7,312,9,0.7820862531661987
7,312,10,0.7803516387939453
7,312,11,0.7803812623023987
7,312,12,0.7777503728866577
7,312,13,0.7763203382492065
7,312,14,0.7763575315475464
7,312,15,0.7764308452606201
7,312,16,0.7764407396316528
7,312,17,0.7764134407043457
7,312,18,0.7718197107315063
7,312,19,0.771935760974884
7,312,20,0.7720565795898438
7,312,21,0.7721667885780334
7,312,22,0.7722632884979248
7,312,23,0.7723195552825928
7,312,24,0.7723665833473206
7,312,25,0.7724028825759888
7,312,26,0.7724335193634033
7,312,27,0.7724574208259583
7,312,28,0.7724772095680237
7,312,29,0.7724925875663757
7,312,30,0.7725045680999756
8,329,0,0.6503399610519409
8,329,1,0.6639560461044312
8,329,2,0.7339094877243042
8,329,3,0.7538086175918579
8,329,4,0.760159432888031
8,329,5,0.7639028429985046
8,329,6,0.7663968205451965
8,329,7,0.7680314779281616
8,329,8,0.7692521214485168
8,329,9,0.7697795629501343
8,329,10,0.7715684771537781
8,329,11,0.7717380523681641
8,329,12,0.7716869711875916
8,329,13,0.7715355753898621
8,329,14,0.7712240219116211
8,329,15,0.7708988189697266
8,329,16,0.7693445682525635
8,329,17,0.7693722248077393
8,329,18,0.7691750526428223
8,329,19,0.7671970129013062
8,329,20,0.7643283009529114
8,329,21,0.7625483274459839
8,329,22,0.7603366374969482
8,329,23,0.7601796984672546
8,329,24,0.7600288391113281
8,329,25,0.7598719596862793
8,329,26,0.7597256898880005
8,329,27,0.7595845460891724
8,329,28,0.7594472765922546
8,329,29,0.7593032121658325
8,329,30,0.7591677904129028
9,398,0,0.6862151622772217
9,398,1,0.6913074851036072
9,398,2,0.7647004723548889
9,398,3,0.7553566694259644
9,398,4,0.7684757709503174
9,398,5,0.7749583721160889
9,398,6,0.779937207698822
9,398,7,0.7915306687355042
9,398,8,0.7932037711143494
9,398,9,0.7904131412506104
9,398,10,0.7899482250213623
9,398,11,0.7893649935722351
9,398,12,0.788912296295166
9,398,13,0.7861270904541016
9,398,14,0.7848513126373291
9,398,15,0.7844197750091553
9,398,16,0.7840263247489929
9,398,17,0.7836498022079468
9,398,18,0.7832995057106018
9,398,19,0.7829720973968506
9,398,20,0.782647967338562
9,398,21,0.7823402881622314
9,398,22,0.7795906066894531
9,398,23,0.7791204452514648
9,398,24,0.7787389755249023
9,398,25,0.7769880890846252
9,398,26,0.7766116857528687
9,398,27,0.7763292789459229
9,398,28,0.7759767770767212
9,398,29,0.7751312851905823
9,398,30,0.7726044654846191
10,437,0,0.7064924240112305
10,437,1,0.7178510427474976
10,437,2,0.7858574390411377
10,437,3,0.7961674928665161
10,437,4,0.8010817766189575
10,437,5,0.8036444187164307
10,437,6,0.804985761642456
10,437,7,0.8056140542030334
10,437,8,0.8068207502365112
10,437,9,0.8048231601715088
10,437,10,0.8049536943435669
10,437,11,0.8047677278518677
10,437,12,0.8045797944068909
10,437,13,0.8043909072875977
10,437,14,0.8040735721588135
10,437,15,0.7996336817741394
10,437,16,0.7994386553764343
10,437,17,0.7992368936538696
10,437,18,0.7990783452987671
10,437,19,0.7989374399185181
10,437,20,0.7988183498382568
10,437,21,0.798689603805542
10,437,22,0.7985780239105225
10,437,23,0.798436164855957
10,437,24,0.7983096837997437
10,437,25,0.7981764078140259
10,437,26,0.7953787446022034
10,437,27,0.7953665256500244
10,437,28,0.795352041721344
10,437,29,0.7953234910964966
10,437,30,0.7952805757522583
11,452,0,0.7142912149429321
11,452,1,0.6983875036239624
11,452,2,0.7993111610412598
11,452,3,0.8099938035011292
11,452,4,0.8152188062667847
11,452,5,0.8180407881736755
11,452,6,0.8252508044242859
11,452,7,0.8286324739456177
11,452,8,0.8290377855300903
11,452,9,0.8291921615600586
11,452,10,0.8265105485916138
11,452,11,0.8248873949050903
11,452,12,0.8251506090164185
11,452,13,0.8251689672470093
11,452,14,0.8235392570495605
11,452,15,0.8213775157928467
11,452,16,0.8212286233901978
11,452,17,0.8212987184524536
11,452,18,0.8212867379188538
11,452,19,0.8212572336196899
11,452,20,0.8212215900421143
11,452,21,0.8211740255355835
11,452,22,0.8211369514465332
11,452,23,0.8210744261741638
11,452,24,0.8210139870643616
11,452,25,0.820954442024231
11,452,26,0.8208948373794556
11,452,27,0.8208380937576294
11,452,28,0.8207828998565674
11,452,29,0.8207296133041382
11,452,30,0.820676326751709
12,515,0,0.7470471262931824
12,515,1,0.7439430356025696
12,515,2,0.7818458080291748
12,515,3,0.8079653978347778
12,515,4,0.8126806020736694
12,515,5,0.814462423324585
12,515,6,0.8149049282073975
12,515,7,0.8093957901000977
12,515,8,0.8080816268920898
12,515,9,0.8068814873695374
12,515,10,0.8056926727294922
12,515,11,0.7961230874061584
12,515,12,0.7947632074356079
12,515,13,0.7935848236083984
12,515,14,0.7925434708595276
12,515,15,0.7864754796028137
12,515,16,0.785910964012146
12,515,17,0.7853399515151978
12,515,18,0.7848067879676819
12,515,19,0.7800674438476562
12,515,20,0.7732228636741638
12,515,21,0.7730076313018799
12,515,22,0.7728639841079712
12,515,23,0.772726833820343
12,515,24,0.7726001739501953
12,515,25,0.7724752426147461
12,515,26,0.7723556160926819
12,515,27,0.7722381353378296
12,515,28,0.7721260786056519
12,515,29,0.7720193266868591
12,515,30,0.7719146013259888
13,550,0,0.7652438879013062
13,550,1,0.7674709558486938
13,550,2,0.8109517097473145
13,550,3,0.8055532574653625
13,550,4,0.8141704201698303
13,550,5,0.8174278736114502
13,550,6,0.8192096948623657
13,550,7,0.8195109963417053
13,550,8,0.8176318407058716
13,550,9,0.8175649046897888
13,550,10,0.8172829151153564
13,550,11,0.816925048828125
13,550,12,0.8164792060852051
13,550,13,0.8159784078598022
13,550,14,0.815462589263916
13,550,15,0.8150777220726013
13,550,16,0.8145416975021362
13,550,17,0.8136117458343506
13,550,18,0.8119874000549316
13,550,19,0.811088502407074
13,550,20,0.8102965354919434
13,550,21,0.8096485137939453
13,550,22,0.8090571165084839
13,550,23,0.8079479932785034
13,550,24,0.8011255264282227
13,550,25,0.8006912469863892
13,550,26,0.8003207445144653
13,550,27,0.799972414970398
13,550,28,0.7996513843536377
13,550,29,0.7993187308311462
13,550,30,0.7989699244499207
14,599,0,0.7907174825668335
14,599,1,0.795434832572937
14,599,2,0.8224579095840454
14,599,3,0.8377835750579834
14,599,4,0.807438313961029
14,599,5,0.8107015490531921
14,599,6,0.8169444799423218
14,599,7,0.8177200555801392
14,599,8,0.8169142007827759
14,599,9,0.8161786198616028
14,599,10,0.8154309391975403
14,599,11,0.8146951794624329
14,599,12,0.8139413595199585
14,599,13,0.810901939868927
14,599,14,0.808178186416626
14,599,15,0.8054720163345337
14,599,16,0.8047142028808594
14,599,17,0.8041638135910034
14,599,18,0.7928922176361084
14,599,19,0.7930697202682495
14,599,20,0.7911655306816101
14,599,21,0.791205644607544
14,599,22,0.7896536588668823
14,599,23,0.7896902561187744
14,599,24,0.7897130250930786
14,599,25,0.7897197604179382
14,599,26,0.7897067070007324
14,599,27,0.789685070514679
14,599,28,0.7896537184715271
14,599,29,0.78962242603302
14,599,30,0.7895841598510742
15,640,0,0.8120492696762085
15,640,1,0.8108334541320801
15,640,2,0.827078104019165
15,640,3,0.8278195858001709
15,640,4,0.8262333869934082
15,640,5,0.8247389793395996
15,640,6,0.8233686685562134
15,640,7,0.8195677995681763
15,640,8,0.8180873394012451
15,640,9,0.8111486434936523
15,640,10,0.7977349758148193
15,640,11,0.7867367267608643
15,640,12,0.7871888875961304
15,640,13,0.7874783277511597
15,640,14,0.7876573801040649
15,640,15,0.7877761125564575
15,640,16,0.7878455519676208
15,640,17,0.7879069447517395
15,640,18,0.7879228591918945
15,640,19,0.7879316210746765
15,640,20,0.7879351377487183
15,640,21,0.7879366874694824
15,640,22,0.787942111492157
15,640,23,0.7879390120506287
15,640,24,0.7879360318183899
15,640,25,0.7879325747489929
15,640,26,0.787928581237793
15,640,27,0.7879248857498169
15,640,28,0.787921130657196
15,640,29,0.7879171371459961
15,640,30,0.7879132032394409
16,659,0,0.821913480758667
16,659,1,0.8179838061332703
16,659,2,0.8429373502731323
16,659,3,0.8441283702850342
16,659,4,0.8362283706665039
16,659,5,0.8325778245925903
16,659,6,0.8048701286315918
16,659,7,0.7979686856269836
16,659,8,0.7815892696380615
16,659,9,0.7822718024253845
16,659,10,0.78244948387146
16,659,11,0.7827858924865723
16,659,12,0.7827087044715881
16,659,13,0.7815975546836853
16,659,14,0.7815247178077698
16,659,15,0.7813772559165955
16,659,16,0.7774568796157837
16,659,17,0.7775530815124512
16,659,18,0.7776176333427429
16,659,19,0.7776588201522827
16,659,20,0.7776769399642944
16,659,21,0.777686595916748
16,659,22,0.7776933908462524
16,659,23,0.7776869535446167
16,659,24,0.777679443359375
16,659,25,0.7776726484298706
16,659,26,0.7776697278022766
16,659,27,0.7777168154716492
16,659,28,0.7777304649353027
16,659,29,0.7777271866798401
16,659,30,0.7777097225189209
17,702,0,0.8442462682723999
17,702,1,0.8319145441055298
17,702,2,0.843503475189209
17,702,3,0.8416499495506287
17,702,4,0.8376988172531128
17,702,5,0.8324436545372009
17,702,6,0.8107852339744568
17,702,7,0.8056759238243103
17,702,8,0.8026230335235596
17,702,9,0.7999651432037354
17,702,10,0.797440230846405
17,702,11,0.7951232194900513
17,702,12,0.7928764820098877
17,702,13,0.7899503707885742
17,702,14,0.7812079191207886
17,702,15,0.7749843597412109
17,702,16,0.772929847240448
17,702,17,0.7706443667411804
17,702,18,0.768997073173523
17,702,19,0.7676507234573364
17,702,20,0.7665351629257202
17,702,21,0.7655713558197021
17,702,22,0.7647122740745544
17,702,23,0.7638776898384094
17,702,24,0.760672926902771
17,702,25,0.7598191499710083
17,702,26,0.759136438369751
17,702,27,0.7585206031799316
17,702,28,0.7579536437988281
17,702,29,0.7574490308761597
17,702,30,0.7569547891616821
18,751,0,0.8690577745437622
18,751,1,0.874874472618103
18,751,2,0.8871800303459167
18,751,3,0.8829531669616699
18,751,4,0.87873375415802
18,751,5,0.8732972741127014
18,751,6,0.8613221645355225
18,751,7,0.8520749807357788
18,751,8,0.8402783274650574
18,751,9,0.8350954055786133
18,751,10,0.8257037401199341
18,751,11,0.8220176696777344
18,751,12,0.8193680047988892
18,751,13,0.8169885873794556
18,751,14,0.8148528933525085
18,751,15,0.8104841709136963
18,751,16,0.8031944036483765
18,751,17,0.801606297492981
18,751,18,0.7913333773612976
18,751,19,0.7902079820632935
18,751,20,0.7894400954246521
18,751,21,0.7888138890266418
18,751,22,0.7881953120231628
18,751,23,0.7859805226325989
18,751,24,0.7853318452835083
18,751,25,0.7749481797218323
18,751,26,0.7713350057601929
18,751,27,0.7713358402252197
18,751,28,0.7712953686714172
18,751,29,0.7712501883506775
18,751,30,0.771187424659729
19,798,0,0.8775402307510376
19,798,1,0.8668820858001709
19,798,2,0.8826996088027954
19,798,3,0.8920037150382996
19,798,4,0.8906497359275818
19,798,5,0.8878771066665649
19,798,6,0.8843788504600525
19,798,7,0.8641160726547241
19,798,8,0.8564307689666748
19,798,9,0.8342533111572266
19,798,10,0.8301024436950684
19,798,11,0.827089250087738
19,798,12,0.8218308687210083
19,798,13,0.8210846185684204
19,798,14,0.8191189765930176
19,798,15,0.8091175556182861
19,798,16,0.8047078847885132
19,798,17,0.792739987373352
19,798,18,0.7913373708724976
19,798,19,0.7907013893127441
19,798,20,0.7902145385742188
19,798,21,0.7891971468925476
19,798,22,0.7862340211868286
19,798,23,0.7835318446159363
19,798,24,0.7836017608642578
19,798,25,0.7836552858352661
19,798,26,0.7836993932723999
19,798,27,0.7837206125259399
19,798,28,0.7837230563163757
19,798,29,0.7837132215499878
19,798,30,0.7836956977844238
20,831,0,0.8836938142776489
20,831,1,0.8776143789291382
20,831,2,0.8927809000015259
20,831,3,0.8908536434173584
20,831,4,0.8868517875671387
20,831,5,0.8720648288726807
20,831,6,0.8575518131256104
20,831,7,0.8518846035003662
20,831,8,0.8496361970901489
20,831,9,0.8474005460739136
20,831,10,0.8424785137176514
20,831,11,0.8355653285980225
20,831,12,0.834331214427948
20,831,13,0.8334032893180847
20,831,14,0.8294225931167603
20,831,15,0.8130649924278259
20,831,16,0.8118542432785034
20,831,17,0.8117762207984924
20,831,18,0.8116966485977173
20,831,19,0.8116155862808228
20,831,20,0.8115322589874268
20,831,21,0.811445951461792
20,831,22,0.8113679885864258
20,831,23,0.8112764358520508
20,831,24,0.8111939430236816
20,831,25,0.8111158609390259
20,831,26,0.8110399842262268
20,831,27,0.8109686374664307
20,831,28,0.8109059929847717
20,831,29,0.8108475208282471
20,831,30,0.8107904195785522
21,876,0,0.8920443058013916
21,876,1,0.8782570362091064
21,876,2,0.9149457216262817
21,876,3,0.9074541330337524
21,876,4,0.9009519815444946
21,876,5,0.8627790808677673
21,876,6,0.8603683114051819
21,876,7,0.8344169855117798
21,876,8,0.8337641954421997
21,876,9,0.8330426216125488
21,876,10,0.8322699069976807
21,876,11,0.8289197683334351
21,876,12,0.8284602165222168
21,876,13,0.8205941915512085
21,876,14,0.8208668828010559
21,876,15,0.8210313320159912
21,876,16,0.8211184740066528
21,876,17,0.8210848569869995
21,876,18,0.8209295272827148
21,876,19,0.8175524473190308
21,876,20,0.8179035782814026
21,876,21,0.8179442882537842
21,876,22,0.8179762363433838
21,876,23,0.8179807662963867
21,876,24,0.8176535367965698
21,876,25,0.8177422285079956
21,876,26,0.8178154230117798
21,876,27,0.8178566694259644
21,876,28,0.8178815245628357
21,876,29,0.8179004192352295
21,876,30,0.8179138898849487
22,905,0,0.9035537242889404
22,905,1,0.895419716835022
22,905,2,0.9050878286361694
22,905,3,0.9054995775222778
22,905,4,0.9002336263656616
22,905,5,0.8948870897293091
22,905,6,0.8811808824539185
22,905,7,0.8378787040710449
22,905,8,0.8363258838653564
22,905,9,0.8355038166046143
22,905,10,0.8320567607879639
22,905,11,0.8311157822608948
22,905,12,0.8304340839385986
22,905,13,0.8203163743019104
22,905,14,0.8201541900634766
22,905,15,0.8199175596237183
22,905,16,0.8196872472763062
22,905,17,0.819481611251831
22,905,18,0.8192535638809204
22,905,19,0.819033682346344
22,905,20,0.8188408613204956
22,905,21,0.8186166286468506
22,905,22,0.8167047500610352
22,905,23,0.8165676593780518
22,905,24,0.8164574503898621
22,905,25,0.816348135471344
22,905,26,0.816238284111023
22,905,27,0.8161197900772095
22,905,28,0.8160035610198975
22,905,29,0.8158929944038391
22,905,30,0.8157795667648315
23,935,0,0.9147050976753235
23,935,1,0.9063869714736938
23,935,2,0.9075357913970947
23,935,3,0.8940882086753845
23,935,4,0.8807439804077148
23,935,5,0.8696034550666809
23,935,6,0.808096170425415
23,935,7,0.8003292083740234
23,935,8,0.7968984842300415
23,935,9,0.7944109439849854
23,935,10,0.7873926162719727
23,935,11,0.7849185466766357
23,935,12,0.783907413482666
23,935,13,0.7760831117630005
23,935,14,0.7751913070678711
23,935,15,0.7746067047119141
23,935,16,0.7741173505783081
23,935,17,0.7736474275588989
23,935,18,0.7732301354408264
23,935,19,0.7728646397590637
23,935,20,0.7711361646652222
23,935,21,0.7668852210044861
23,935,22,0.766657829284668
23,935,23,0.766474723815918
23,935,24,0.7663151025772095
23,935,25,0.7631211280822754
23,935,26,0.7630563974380493
23,935,27,0.7630038261413574
23,935,28,0.7629706263542175
23,935,29,0.7629294395446777
23,935,30,0.7628834247589111
24,976,0,0.953536868095398
24,976,1,0.9305106401443481
24,976,2,0.9354783296585083
24,976,3,0.8615801334381104
24,976,4,0.8520732522010803
24,976,5,0.8451637625694275
24,976,6,0.7845585346221924
24,976,7,0.7741562128067017
24,976,8,0.7724575996398926
24,976,9,0.7717914581298828
24,976,10,0.7712261080741882
24,976,11,0.7671175003051758
24,976,12,0.7667335271835327
24,976,13,0.7664292454719543
24,976,14,0.766274094581604
24,976,15,0.7660828232765198
24,976,16,0.7659273147583008
24,976,17,0.7657707929611206
24,976,18,0.764122486114502
24,976,19,0.7628931999206543
24,976,20,0.7618179321289062
24,976,21,0.7619649171829224
24,976,22,0.7621070146560669
24,976,23,0.7621654272079468
24,976,24,0.7621976733207703
24,976,25,0.7622157335281372
24,976,26,0.7622188329696655
24,976,27,0.7622131109237671
24,976,28,0.7622013688087463
24,976,29,0.7621864080429077
24,976,30,0.7621701955795288
