pool_index,token_id,literal,raw_vocab,category,component_ids,objective,constraint_violation,feasible,low_gain_mean,low_positive_gain,low_gain_q10,low_coverage,high_gain_q05,high_gain_mean,global_drop_rate,range_ratio,spearman,violation_low_gain,violation_low_coverage,violation_high_tail,violation_drop_rate,violation_range,violation_rank
0,30332,lucrarea,lucrarea,OK,"(30332,)",0.110770146548748,0.0,True,0.060770146548748,0.060770146548748,0.0437256097793579,1.0,-0.0100270986557006,0.0079274202386538,0.0,0.8412904200877129,0.976470588235294,0.0,0.0,0.0,0.0,0.0,0.0
1,22665,pictured,pictured,OK,"(22665,)",0.0606870758036772,0.1358276319409173,False,0.0273537424703439,0.0273537424703439,0.009254515171051,0.6666666666666666,-0.018745732307434,-0.0059851532181104,0.0208333333333333,0.9078717518023426,0.976470588235294,0.0882085843218697,0.0476190476190476,0.0,0.0,0.0,0.0
2,26170,athlet,athlet,OK,"(26170,)",0.071059959133466,0.1810202924978164,False,0.0377266258001327,0.0377266258001327,0.0162659227848053,0.6666666666666666,-0.0226680248975753,-0.0094385892152786,0.0416666666666666,0.8644868559962264,0.95,0.0,0.0476190476190476,0.1334012448787688,0.0,0.0,0.0
3,22526, martial,▁martial,OK,"(22526,)",0.0585775449872016,0.2019546013029793,False,0.0271556476751963,0.0273275449872016,0.0104735791683197,0.625,-0.0191354542970657,-0.0063340241710344,0.0208333333333333,0.8561442747840002,0.9588235294117649,0.0948117441601222,0.107142857142857,0.0,0.0,0.0,0.0
4,1817, mis,▁mis,OK,"(1817,)",0.057119596004486,0.2629942728413475,False,0.0271101718147595,0.0279529293378194,0.0091559588909149,0.5833333333333334,-0.0186451286077499,-0.0096697236100832,0.0416666666666666,0.8609608649731464,0.9705882352941176,0.0963276061746809,0.1666666666666665,0.0,0.0,0.0,0.0
5,2426, movement,▁movement,OK,"(2426,)",0.0560429319739341,0.2938876464253379,False,0.0243976563215255,0.0247929319739341,0.0039263129234313,0.625,-0.0165761709213256,-0.0059354305267333,0.0,0.8697413390722799,0.973529411764706,0.1867447892824808,0.107142857142857,0.0,0.0,0.0,0.0
6,21014, sportiv,▁sportiv,OK,"(21014,)",0.059273708363374,0.2976520643347785,False,0.0321903750300407,0.0321903750300407,0.0085577607154846,0.5416666666666666,-0.021429231762886,-0.0090981200337409,0.0416666666666666,0.8466952672292866,0.9411764705882352,0.0,0.2261904761904762,0.0714615881443022,0.0,0.0,0.0
7,6298, Image,▁Image,OK,"(6298,)",0.0547877207398414,0.3126315308941734,False,0.0256210540731747,0.0256210540731747,0.0087698400020599,0.5833333333333334,-0.0187403529882431,-0.0091275249918301,0.0208333333333333,0.8168473827119764,0.976470588235294,0.1459648642275068,0.1666666666666665,0.0,0.0,0.0,0.0
8,17682,Sport,Sport,OK,"(17682,)",0.0541135758161544,0.3152617585091363,False,0.0291135758161544,0.0291135758161544,0.0064407289028167,0.5,-0.0194243073463439,-0.0088559364279111,0.0208333333333333,0.8749036585475989,0.9647058823529412,0.0295474727948506,0.2857142857142856,0.0,0.0,0.0,0.0
9,3349, Sport,▁Sport,OK,"(3349,)",0.053931920727094,0.3213169281444851,False,0.028931920727094,0.028931920727094,0.0065227210521698,0.5,-0.0189341336488723,-0.0076493720213572,0.0208333333333333,0.8749036585475989,0.9647058823529412,0.0356026424301995,0.2857142857142856,0.0,0.0,0.0,0.0
10,15854, realm,▁realm,OK,"(15854,)",0.0546435912450154,0.3273564823090083,False,0.0233935912450154,0.0233935912450154,0.0082625448703765,0.625,-0.013903522491455,-0.0088143001000086,0.0208333333333333,0.8784008580940675,0.9911764705882352,0.2202136251661512,0.107142857142857,0.0,0.0,0.0,0.0
11,9161, bro,▁bro,OK,"(9161,)",0.0545913030703862,0.3773797201731848,False,0.0233413030703862,0.0233413030703862,0.0082731902599334,0.625,-0.0209656059741973,-0.0102978820602099,0.0416666666666666,0.8870836109884022,0.9852941176470588,0.2219565643204583,0.107142857142857,0.0482802987098693,0.0,0.0,0.0
12,12337, mobility,▁mobility,OK,"(12337,)",0.0516287922859191,0.4174136126798295,False,0.0262699921925862,0.0266287922859191,0.004189658164978,0.5,-0.0201473146677017,-0.0107046067714691,0.0416666666666666,0.8245157184866675,0.9588235294117649,0.1243335935804579,0.2857142857142856,0.0073657333850859,0.0,0.0,0.0
13,28688, piston,▁piston,OK,"(28688,)",0.0510499343276023,0.4217816331083811,False,0.0259179795781771,0.0260499343276023,0.0060031294822692,0.5,-0.0194610804319381,-0.0099584360917409,0.0208333333333333,0.8631331162728731,0.973529411764706,0.1360673473940954,0.2857142857142856,0.0,0.0,0.0,0.0
14,6661,sport,sport,OK,"(6661,)",0.0510681460301081,0.4309950210745371,False,0.0256415779391924,0.0260681460301081,0.0030285716056823,0.5,-0.0167500674724578,-0.0064356947938601,0.0,0.8672953757723816,0.976470588235294,0.1452807353602514,0.2857142857142856,0.0,0.0,0.0,0.0
15,18661,freien,freien,OK,"(18661,)",0.0512235045433044,0.4324318170547484,False,0.0220270454883575,0.0220568378766377,0.0045200645923614,0.5833333333333334,-0.0167349576950073,-0.0090190519889195,0.0208333333333333,0.8518893113611399,0.988235294117647,0.2657651503880818,0.1666666666666665,0.0,0.0,0.0,0.0
16,20538, trage,▁trage,OK,"(20538,)",0.0527179978787899,0.4454178793562782,False,0.0229651642342408,0.0235513312121232,0.0044768035411834,0.5833333333333334,-0.0208851337432861,-0.0100756660103797,0.0416666666666666,0.865612425197158,0.9676470588235294,0.234494525525305,0.1666666666666665,0.0442566871643066,0.0,0.0,0.0
17,25272, grafic,▁grafic,OK,"(25272,)",0.0534254545966784,0.4464645404664296,False,0.026342121263345,0.026342121263345,0.0078844368457794,0.5416666666666666,-0.0219668954610824,-0.0116036161780357,0.0416666666666666,0.8527711950616366,0.9705882352941176,0.1219292912218305,0.2261904761904762,0.0983447730541228,0.0,0.0,0.0
18,12487, adjacent,▁adjacent,OK,"(12487,)",0.0505414701998233,0.4490862838805667,False,0.0233953247467676,0.02345813686649,0.0016944825649261,0.5416666666666666,-0.0200547993183136,-0.008277046183745,0.0416666666666666,0.8884312527850736,0.9794117647058824,0.2201558417744106,0.2261904761904762,0.0027399659156799,0.0,0.0,0.0
19,6217, legs,▁legs,OK,"(6217,)",0.0503855171302954,0.4515829585374347,False,0.0232382255295912,0.0233021837969621,0.0019698500633239,0.5416666666666666,-0.017400848865509,-0.0064925824602444,0.0,0.9161905588194044,0.9941176470588234,0.2253924823469585,0.2261904761904762,0.0,0.0,0.0,0.0
20,16297, Graphic,▁Graphic,OK,"(16297,)",0.0499269617100556,0.4548155620457633,False,0.0249269617100556,0.0249269617100556,0.01157728433609,0.5,-0.0196082234382629,-0.0115859732031822,0.0208333333333333,0.8625261024067281,0.976470588235294,0.1691012763314777,0.2857142857142856,0.0,0.0,0.0,0.0
21,10089, Animal,▁Animal,OK,"(10089,)",0.0646762679020563,0.4659834007422127,False,0.0355096012353897,0.0355096012353897,0.0086086153984069,0.5833333333333334,-0.0259863346815109,-0.0095875064531962,0.0416666666666666,0.8376466387340458,0.9676470588235294,0.0,0.1666666666666665,0.2993167340755461,0.0,0.0,0.0
22,17088, Behind,▁Behind,OK,"(17088,)",0.0498747169971466,0.4686056578916215,False,0.0245269363125165,0.0248747169971466,0.004708456993103,0.5,-0.0200091183185577,-0.0117286170522371,0.0416666666666666,0.8565426469308942,0.9823529411764708,0.1824354562494489,0.2857142857142856,0.0004559159278869,0.0,0.0,0.0
23,31052, pasageri,▁pasageri,OK,"(31052,)",0.0497317718962828,0.4708832807484127,False,0.0262306444346904,0.0268151052296161,0.0020850121974945,0.4583333333333333,-0.018363144993782,-0.004573514064153,0.0208333333333333,0.8683629760753636,0.9382352941176472,0.1256451855103174,0.3452380952380952,0.0,0.0,0.0,0.0
24,29668, Crisis,▁Crisis,OK,"(29668,)",0.0525193820397059,0.4730897630964006,False,0.0225930213928222,0.0254360487063725,-0.0149392187595367,0.5416666666666666,-0.0192013144493103,-0.0097466533382733,0.0208333333333333,0.8844452156477739,0.9323529411764706,0.2468992869059244,0.2261904761904762,0.0,0.0,0.0,0.0
25,28399, bewegt,▁bewegt,OK,"(28399,)",0.051769280185302,0.4738669657991046,False,0.0200092084705829,0.020519280185302,-0.002652233839035,0.625,-0.0206739544868469,-0.008277545372645,0.0416666666666666,0.910432958197632,0.988235294117647,0.3330263843139012,0.107142857142857,0.0336977243423462,0.0,0.0,0.0
26,15157, sporting,▁sporting,OK,"(15157,)",0.0531968295574188,0.4844744858287629,False,0.0300186698635419,0.0302801628907521,0.003467720746994,0.4583333333333333,-0.0227847278118133,-0.0068781847755114,0.0416666666666666,0.8507055416954228,0.973529411764706,0.0,0.3452380952380952,0.1392363905906676,0.0,0.0,0.0
27,2600, sport,▁sport,OK,"(2600,)",0.0487979918718338,0.4845341931259821,False,0.0258211170633633,0.0258813252051671,0.0047459423542022,0.4583333333333333,-0.0163110882043838,-0.0067603662610054,0.0208333333333333,0.8672953757723816,0.9705882352941176,0.1392960978878869,0.3452380952380952,0.0,0.0,0.0,0.0
28,5378, neck,▁neck,OK,"(5378,)",0.0493620817859967,0.4964394588319082,False,0.0220955808957417,0.0222787484526634,0.0016938865184783,0.5416666666666666,-0.0201353669166564,-0.0109394391377766,0.0416666666666666,0.8906996043217473,0.9794117647058824,0.2634806368086073,0.2261904761904762,0.0067683458328247,0.0,0.0,0.0
29,28935, Squad,▁Squad,OK,"(28935,)",0.0498700529336929,0.5006549263757372,False,0.0243586724003156,0.0248700529336929,0.0008069157600402,0.5,-0.0205379277467727,-0.0106961900989214,0.0416666666666666,0.850407901122196,0.9852941176470588,0.1880442533228132,0.2857142857142856,0.0268963873386382,0.0,0.0,0.0
30,22706,mog,mog,OK,"(22706,)",0.0490072528521219,0.5032820819862305,False,0.0216872518261273,0.0219239195187886,0.0005750060081481,0.5416666666666666,-0.0180801093578338,-0.0053282603621482,0.0,0.8811539562074694,0.976470588235294,0.2770916057957543,0.2261904761904762,0.0,0.0,0.0,0.0
31,8221,image,image,OK,"(8221,)",0.0482918784022331,0.5093183389731815,False,0.0232918784022331,0.0232918784022331,0.0046729862689971,0.5,-0.0196974903345108,-0.0085052450497945,0.0208333333333333,0.844298473287569,0.9794117647058824,0.2236040532588958,0.2857142857142856,0.0,0.0,0.0,0.0
32,22608,occupant,occupant,OK,"(22608,)",0.0485486750801404,0.5105481814770471,False,0.0232549831271171,0.0235486750801404,0.0018853783607482,0.5,-0.0190549045801162,-0.0062714765469233,0.0208333333333333,0.8526562607220269,0.9705882352941176,0.2248338957627614,0.2857142857142856,0.0,0.0,0.0,0.0
33,25803, Sauce,▁Sauce,OK,"(25803,)",0.0494277447462081,0.5132970005746871,False,0.0261501198013623,0.0265110780795415,0.00605388879776,0.4583333333333333,-0.02079459130764,-0.0103575761119524,0.0416666666666666,0.844562459480628,0.95,0.1283293399545881,0.3452380952380952,0.0397295653820036,0.0,0.0,0.0
34,19867,rasi,rasi,OK,"(19867,)",0.0490286365151405,0.5135133055940506,False,0.023166029403607,0.0240286365151405,-0.000917425751686,0.5,-0.0193266302347183,-0.0096791783968607,0.0208333333333333,0.8442440550811051,0.976470588235294,0.2277990198797649,0.2857142857142856,0.0,0.0,0.0,0.0
35,14797,graphic,graphic,OK,"(14797,)",0.0482944289843241,0.5156552233393229,False,0.0231017718712488,0.0232944289843241,0.0013707995414733,0.5,-0.0187059342861175,-0.0086076706647872,0.0208333333333333,0.8358772365400425,0.9794117647058824,0.2299409376250372,0.2857142857142856,0.0,0.0,0.0,0.0
36,24143,KT,KT,OK,"(24143,)",0.0482057007650534,0.5232325430427278,False,0.0210887379944324,0.02112236743172,0.0041994601488113,0.5416666666666666,-0.0173683315515518,-0.0071640188495318,0.0208333333333333,0.8407749523107398,0.976470588235294,0.2970420668522516,0.2261904761904762,0.0,0.0,0.0,0.0
37,30396,electrique,electrique,OK,"(30396,)",0.0520298515756924,0.5245441084816342,False,0.0249465182423591,0.0249465182423591,0.0039814710617065,0.5416666666666666,-0.0225980848073959,-0.0092984487613042,0.0416666666666666,0.8645050725873263,0.961764705882353,0.1684493919213612,0.2261904761904762,0.1299042403697967,0.0,0.0,0.0
38,25012, caption,▁caption,OK,"(25012,)",0.0478071299691995,0.528260239769542,False,0.0227236213783423,0.0228071299691994,0.0064916849136352,0.5,-0.019765630364418,-0.0080284550786018,0.0416666666666666,0.9130226473137514,0.9852941176470588,0.2425459540552562,0.2857142857142856,0.0,0.0,0.0,0.0
39,2951,ches,ches,OK,"(2951,)",0.0476905234158039,0.5293635051874886,False,0.0226905234158039,0.0226905234158039,0.0049786537885665,0.5,-0.0172400414943695,-0.0078784202535947,0.0,0.8518629127418339,0.9705882352941176,0.243649219473203,0.2857142857142856,0.0,0.0,0.0,0.0
40,18132, Vorstand,▁Vorstand,OK,"(18132,)",0.0481441388527552,0.5327645332094223,False,0.0243742068608601,0.0252274721860885,0.0025513410568237,0.4583333333333333,-0.0182952374219894,-0.0046796475847562,0.0208333333333333,0.8554658611434168,0.9411764705882352,0.187526437971327,0.3452380952380952,0.0,0.0,0.0,0.0
41,3852, rep,▁rep,OK,"(3852,)",0.0486906714737415,0.535619570385842,False,0.0212768353521823,0.0216073381404082,0.0003190279006958,0.5416666666666666,-0.0203731387853622,-0.0110480586687723,0.0416666666666666,0.8520456961643964,0.976470588235294,0.2907721549272537,0.2261904761904762,0.0186569392681121,0.0,0.0,0.0
42,13483, underneath,▁underneath,OK,"(13483,)",0.0477958107988039,0.5357745606747885,False,0.0207124774654706,0.0207124774654706,0.0075566172599792,0.5416666666666666,-0.017837831377983,-0.0101163610816001,0.0208333333333333,0.8853744161717633,0.9823529411764708,0.3095840844843123,0.2261904761904762,0.0,0.0,0.0,0.0
43,25627, Exterior,▁Exterior,OK,"(25627,)",0.0469544425606727,0.5439788987712255,False,0.024037775894006,0.024037775894006,0.0057534754276275,0.4583333333333333,-0.0168386846780776,-0.0079315081238746,0.0,0.8741828681760244,0.9705882352941176,0.1987408035331302,0.3452380952380952,0.0,0.0,0.0,0.0
44,15843, shaft,▁shaft,OK,"(15843,)",0.0497657294074694,0.5461658026490892,False,0.0204007402062416,0.022682396074136,-0.0084012985229492,0.5416666666666666,-0.0197231233119964,-0.0096402565638224,0.0416666666666666,0.8705360764534891,0.9441176470588234,0.319975326458613,0.2261904761904762,0.0,0.0,0.0,0.0
45,25231,ffentlichkeit,ffentlichkeit,OK,"(25231,)",0.0473073922097683,0.5512507446701563,False,0.0220339062313238,0.0223073922097682,0.0003419816493988,0.5,-0.0187557101249694,-0.0067432026068369,0.0208333333333333,0.8487595311944842,0.9588235294117649,0.2655364589558707,0.2857142857142856,0.0,0.0,0.0,0.0
46,18927, rar,▁rar,OK,"(18927,)",0.0467950530350208,0.559212517880258,False,0.0217950530350208,0.0217950530350208,0.0096533000469207,0.5,-0.0157313823699951,-0.0083899969855944,0.0,0.8847482594471743,0.9852941176470588,0.2734982321659723,0.2857142857142856,0.0,0.0,0.0,0.0
47,27265, klicken,▁klicken,OK,"(27265,)",0.0467540599405765,0.5605789543617339,False,0.0217540599405765,0.0217540599405765,0.0087476134300231,0.5,-0.0187772393226623,-0.0102708712220191,0.0208333333333333,0.8818925000364718,0.9941176470588234,0.2748646686474482,0.2857142857142856,0.0,0.0,0.0,0.0
48,27062, pantalon,▁pantalon,OK,"(27062,)",0.0556305701533953,0.5607318381468454,False,0.0264639034867286,0.0264639034867286,0.0096932828426361,0.5833333333333334,-0.0205239057540893,-0.0097620363036791,0.0625,0.8218151860450414,0.9676470588235294,0.117869883775711,0.1666666666666665,0.0261952877044677,0.2499999999999999,0.0,0.0
49,26851, représentant,▁représentant,OK,"(26851,)",0.0481674040357271,0.5647639040909116,False,0.0216285114487012,0.0231674040357271,-0.0059127211570739,0.5,-0.0157426267862319,-0.0071568513909975,0.0,0.8339049817976889,0.9352941176470588,0.2790496183766259,0.2857142857142856,0.0,0.0,0.0,0.0
50,21100, Coupe,▁Coupe,OK,"(21100,)",0.0465883769094944,0.5660709878281942,False,0.023375013222297,0.0236717102428277,0.0056643366813659,0.4583333333333333,-0.0167588710784912,-0.0055768763025601,0.0208333333333333,0.8517725244868422,0.95,0.2208328925900989,0.3452380952380952,0.0,0.0,0.0,0.0
51,30250, thumbnail,▁thumbnail,OK,"(30250,)",0.0602011327942212,0.5681855408918288,False,0.0268677994608879,0.0268677994608879,0.0149703621864318,0.6666666666666666,-0.0233231961727142,-0.0116514489054679,0.0625,0.872227054679028,0.9852941176470588,0.1044066846370696,0.0476190476190476,0.1661598086357116,0.2499999999999999,0.0,0.0
52,6813, gap,▁gap,OK,"(6813,)",0.0471112725635369,0.5686028535876955,False,0.0197276286780834,0.0200279392302036,0.0006441593170166,0.5416666666666666,-0.019689005613327,-0.0096640363335609,0.0208333333333333,0.9126455021268256,0.988235294117647,0.3424123773972193,0.2261904761904762,0.0,0.0,0.0,0.0
53,1735, moving,▁moving,OK,"(1735,)",0.0477136954665184,0.5748326466197059,False,0.0205406695604324,0.020630362133185,0.0018065333366394,0.5416666666666666,-0.0206666231155395,-0.0059009864926338,0.0416666666666666,0.9077353589359288,0.976470588235294,0.3153110146522522,0.2261904761904762,0.0333311557769775,0.0,0.0,0.0
54,7818,roc,roc,OK,"(7818,)",0.0461983303229014,0.5767498222135362,False,0.0230546481907367,0.0232816636562347,0.000691533088684,0.4583333333333333,-0.0156010627746582,-0.0066304355859756,0.0208333333333333,0.8508755889420043,0.9676470588235294,0.2315117269754409,0.3452380952380952,0.0,0.0,0.0,0.0
55,13775, Führung,▁Führung,OK,"(13775,)",0.0470442945758501,0.5778288354003239,False,0.0248079920808474,0.0262109612425168,-0.0030199110507965,0.4166666666666667,-0.0198122262954711,-0.0094753925999005,0.0208333333333333,0.8834653019866968,0.9470588235294116,0.1730669306384192,0.4047619047619047,0.0,0.0,0.0,0.0
56,12462, hommes,▁hommes,OK,"(12462,)",0.0459753687183062,0.6023522487708499,False,0.020500861108303,0.0209753687183062,0.0003787100315094,0.5,-0.018780168890953,-0.0030787338813145,0.0208333333333333,0.8801337499169254,0.9676470588235294,0.3166379630565643,0.2857142857142856,0.0,0.0,0.0,0.0
57,23976, déplacement,▁déplacement,OK,"(23976,)",0.0456578572591145,0.603356130066372,False,0.0204908773303031,0.0206578572591145,-0.0005920112133026,0.5,-0.0200134217739105,-0.0080694705247879,0.0416666666666666,0.8445413097096052,0.9705882352941176,0.3169707556565602,0.2857142857142856,0.0006710886955261,0.0,0.0,0.0
58,28310, Illustration,▁Illustration,OK,"(28310,)",0.059465933094422,0.6048107986885403,False,0.0260057511428991,0.0261325997610886,0.0129220902919769,0.6666666666666666,-0.0234810024499893,-0.0091554721196492,0.0625,0.855319202147273,0.9852941176470588,0.1331416285700267,0.0476190476190476,0.1740501224994658,0.2499999999999999,0.0,0.0
59,31675, temporaire,▁temporaire,OK,"(31675,)",0.0478614956140518,0.607022213084357,False,0.0228614956140518,0.0228614956140518,0.0097972273826599,0.5,-0.0216671556234359,-0.0099335735042889,0.0416666666666666,0.8941309616978419,0.961764705882353,0.2379501461982726,0.2857142857142856,0.0833577811717986,0.0,0.0,0.0
60,4091, rear,▁rear,OK,"(4091,)",0.0450999818742275,0.6073388431280378,False,0.0221369775633017,0.0221833152075608,0.0050006479024887,0.4583333333333333,-0.0179242134094238,-0.0065969402591387,0.0208333333333333,0.8782717981774609,0.9852941176470588,0.2621007478899425,0.3452380952380952,0.0,0.0,0.0,0.0
61,18837, manger,▁manger,OK,"(18837,)",0.0513337433338165,0.6079268720414901,False,0.0213795925180117,0.0221670766671498,0.0013199925422668,0.5833333333333334,-0.0230782657861709,-0.0106500685214996,0.0416666666666666,0.8697619485206854,0.9794117647058824,0.2873469160662756,0.1666666666666665,0.1539132893085479,0.0,0.0,0.0
62,23226, imobil,▁imobil,OK,"(23226,)",0.0463196458915869,0.6079338460214554,False,0.0188422215481599,0.0192363125582536,0.0010761708021163,0.5416666666666666,-0.0201963484287261,-0.0098156630992889,0.0416666666666666,0.8789878028344243,0.9911764705882352,0.3719259483946694,0.2261904761904762,0.0098174214363097,0.0,0.0,0.0
63,23832, Regal,▁Regal,OK,"(23832,)",0.0448876564701398,0.614210348044123,False,0.0219308324158191,0.0219709898034731,0.0010126829147338,0.4583333333333333,-0.018322405219078,-0.0083582997322082,0.0208333333333333,0.8604702520365725,0.9705882352941176,0.2689722528060277,0.3452380952380952,0.0,0.0,0.0,0.0
64,30828,DOWN,DOWN,OK,"(30828,)",0.045575575530529,0.6143928009366231,False,0.0201396445433298,0.020575575530529,-0.0001205623149871,0.5,-0.0196467012166976,-0.0087187861402829,0.0208333333333333,0.8933478026584336,0.9823529411764708,0.3286785152223374,0.2857142857142856,0.0,0.0,0.0,0.0
65,22276,rij,rij,OK,"(22276,)",0.0450631022453308,0.6191221811468638,False,0.0199977631370226,0.0200631022453308,0.0018358290195465,0.5,-0.0160565495491027,-0.0075218354662259,0.0,0.8759763533209733,0.9852941176470588,0.3334078954325781,0.2857142857142856,0.0,0.0,0.0,0.0
66,1041, action,▁action,OK,"(1041,)",0.0449706385533014,0.622890388681775,False,0.0220539718866348,0.0220539718866348,0.0062878131866455,0.4583333333333333,-0.0202556937932968,-0.0066779454549153,0.0416666666666666,0.8689504611383378,0.973529411764706,0.2648676037788391,0.3452380952380952,0.0127846896648407,0.0,0.0,0.0
67,25300, farther,▁farther,OK,"(25300,)",0.0458798403541247,0.6243967636237067,False,0.0228548968831698,0.022963173687458,0.0045911729335784,0.4583333333333333,-0.0208197712898254,-0.0133587097128232,0.0416666666666666,0.8756699903969233,0.9705882352941176,0.2381701038943396,0.3452380952380952,0.0409885644912719,0.0,0.0,0.0
68,15501, Bewegung,▁Bewegung,OK,"(15501,)",0.0442114745577176,0.6291714485675569,False,0.0232677136858304,0.0233781412243843,0.0054231822490692,0.4166666666666667,-0.0181597650051116,-0.0092967202266057,0.0,0.8607817094310148,0.9794117647058824,0.2244095438056522,0.4047619047619047,0.0,0.0,0.0,0.0
69,22208, déplac,▁déplac,OK,"(22208,)",0.0443649609883626,0.630294951181563,False,0.0214482943216959,0.0214482943216959,0.0030083656311035,0.4583333333333333,-0.0151776492595672,-0.0077530418833096,0.0,0.8432405987916997,0.961764705882353,0.2850568559434678,0.3452380952380952,0.0,0.0,0.0,0.0
70,9692,kos,kos,OK,"(9692,)",0.045103695988655,0.6342741142189692,False,0.0215790470441182,0.0221870293219884,-0.0018702298402786,0.4583333333333333,-0.0201667517423629,-0.0084078460931777,0.0416666666666666,0.8600923349601933,0.9705882352941176,0.2806984318627251,0.3452380952380952,0.0083375871181488,0.0,0.0,0.0
71,25688, correspondent,▁correspondent,OK,"(25688,)",0.0460118032991886,0.635067706779828,False,0.0195193973680337,0.0210118032991886,-0.0057280898094177,0.5,-0.0172869890928268,-0.0100199530522028,0.0208333333333333,0.8588960606853313,0.9676470588235294,0.3493534210655424,0.2857142857142856,0.0,0.0,0.0,0.0
72,7411, grip,▁grip,OK,"(7411,)",0.0495160187284151,0.6357201276317473,False,0.0245160187284151,0.0245160187284151,0.0043829798698425,0.5,-0.0233441293239593,-0.0105997249484062,0.0416666666666666,0.831884406775553,0.9823529411764708,0.1827993757194942,0.2857142857142856,0.1672064661979675,0.0,0.0,0.0
73,9472, problème,▁problème,OK,"(9472,)",0.045121922592322,0.6384267035930875,False,0.0214120099941889,0.0222052559256553,-0.0023294746875762,0.4583333333333333,-0.0201384454965591,-0.0121129651864369,0.0416666666666666,0.871295692864569,0.9558823529411766,0.2862663335270351,0.3452380952380952,0.006922274827957,0.0,0.0,0.0
74,9633, bitte,▁bitte,OK,"(9633,)",0.0444379463791847,0.6385782961807553,False,0.0194140796860059,0.0194379463791847,0.0043102025985717,0.5,-0.0196632444858551,-0.0077770004669825,0.0416666666666666,0.8820080518876441,0.9705882352941176,0.3528640104664696,0.2857142857142856,0.0,0.0,0.0,0.0
75,904,men,men,OK,"(904,)",0.044048631687959,0.6408392611950162,False,0.0211319650212923,0.0211319650212923,0.00474653840065,0.4583333333333333,-0.0199089258909225,-0.001938114563624,0.0208333333333333,0.8541636064466046,0.9529411764705882,0.295601165956921,0.3452380952380952,0.0,0.0,0.0,0.0
76,26292, menschliche,▁menschliche,OK,"(26292,)",0.0508795055250326,0.6417917346670513,False,0.0237872116267681,0.0237961721916993,0.0046020537614822,0.5416666666666666,-0.0241701662540435,-0.0031522512435913,0.0416666666666666,0.8471604078138987,0.976470588235294,0.2070929457743962,0.2261904761904762,0.2085083127021788,0.0,0.0,0.0
77,6177, tie,▁tie,OK,"(6177,)",0.0488109325369199,0.6428293935836306,False,0.0216895292202631,0.0217275992035865,0.0056642591953277,0.5416666666666666,-0.0227924644947052,-0.0091965049505233,0.0416666666666666,0.8638669515762099,0.961764705882353,0.2770156926578945,0.2261904761904762,0.1396232247352599,0.0,0.0,0.0
78,20961,KING,KING,OK,"(20961,)",0.0574739339450995,0.6461848945371687,False,0.0262239339450995,0.0262239339450995,0.0094097137451171,0.625,-0.0232634633779525,-0.0096858243147532,0.0625,0.8098111472106655,0.9558823529411766,0.1258688684966828,0.107142857142857,0.1631731688976288,0.2499999999999999,0.0,0.0
79,5206,rick,rick,OK,"(5206,)",0.0463673045237859,0.6462644825852106,False,0.0230042611559232,0.0234506378571192,0.0067278206348419,0.4583333333333333,-0.0213567018508911,-0.0083451494574546,0.0416666666666666,0.8624791715279622,0.976470588235294,0.2331912948025597,0.3452380952380952,0.0678350925445556,0.0,0.0,0.0
80,8787, Abs,▁Abs,OK,"(8787,)",0.0435946360230445,0.6466206818345992,False,0.0227613026897112,0.0227613026897112,0.0058139413595199,0.4166666666666667,-0.0200113773345947,-0.0083911816279093,0.0416666666666666,0.8891191606659338,0.976470588235294,0.2412899103429581,0.4047619047619047,0.0005688667297363,0.0,0.0,0.0
81,1722, physical,▁physical,OK,"(1722,)",0.0441181637346744,0.6484750265639925,False,0.0191171777745087,0.0191181637346744,0.002623239159584,0.5,-0.0180193752050399,-0.0063395301500956,0.0208333333333333,0.8693946063298177,0.976470588235294,0.3627607408497069,0.2857142857142856,0.0,0.0,0.0,0.0
82,16771, posture,▁posture,OK,"(16771,)",0.0438667555650075,0.6491920243179987,False,0.0208813821276028,0.0209500888983408,0.0029350876808166,0.4583333333333333,-0.0180248528718948,-0.0095853880047798,0.0208333333333333,0.8620831922383737,0.9941176470588234,0.3039539290799035,0.3452380952380952,0.0,0.0,0.0,0.0
83,7383, Front,▁Front,OK,"(7383,)",0.0443464028338591,0.6528872622857018,False,0.0210285919408003,0.0214297361671924,-0.0008863180875778,0.4583333333333333,-0.020172044634819,-0.0094637349247932,0.0416666666666666,0.8443367590044571,0.9588235294117649,0.299046935306655,0.3452380952380952,0.0086022317409515,0.0,0.0,0.0
84,24023, LORD,▁LORD,OK,"(24023,)",0.0492624575893084,0.6548543492006877,False,0.0219723184903462,0.022179124255975,0.0028886377811431,0.5416666666666666,-0.0232214897871017,-0.009535826742649,0.0416666666666666,0.8528614289387377,0.9794117647058824,0.2675893836551242,0.2261904761904762,0.1610744893550872,0.0,0.0,0.0
85,6796, drawn,▁drawn,OK,"(6796,)",0.0436165278156598,0.6566207498785049,False,0.0206585203607877,0.0206998611489931,0.005819821357727,0.4583333333333333,-0.0183090716600418,-0.0092125013470649,0.0208333333333333,0.8722065224195678,0.9911764705882352,0.3113826546404097,0.3452380952380952,0.0,0.0,0.0,0.0
86,16233, Crew,▁Crew,OK,"(16233,)",0.0579280659556388,0.6570859915680354,False,0.0281313980619112,0.0287613992889722,-0.0012827813625335,0.5833333333333334,-0.0235626518726348,-0.0114155386885007,0.0625,0.8053890697211464,0.961764705882353,0.0622867312696244,0.1666666666666665,0.1781325936317443,0.2499999999999999,0.0,0.0
87,330, pas,▁pas,OK,"(330,)",0.0443515186508496,0.6609621506834786,False,0.0255111729105313,0.0256015186508496,0.0063273608684539,0.375,-0.0209409773349761,-0.0092118506630261,0.0416666666666666,0.8282968961630379,0.976470588235294,0.1496275696489546,0.4642857142857142,0.0470488667488097,0.0,0.0,0.0
88,11461, physique,▁physique,OK,"(11461,)",0.0466397526363531,0.662880694109296,False,0.0185854757825533,0.0195564193030198,-0.0056235343217849,0.5416666666666666,-0.0211241215467453,-0.0084837948282559,0.0416666666666666,0.8706612769228287,0.976470588235294,0.3804841405815548,0.2261904761904762,0.056206077337265,0.0,0.0,0.0
89,14303,amba,amba,OK,"(14303,)",0.0447399275998274,0.6640019390791181,False,0.0215824755529562,0.0218232609331607,0.0005262017250061,0.4583333333333333,-0.0207635939121246,-0.0094788521528244,0.0416666666666666,0.8640568363817435,0.9794117647058824,0.2805841482347911,0.3452380952380952,0.0381796956062316,0.0,0.0,0.0
90,23060, răspunde,▁răspunde,OK,"(23060,)",0.0446017039318879,0.6645524688656367,False,0.0186348545054594,0.0196017039318879,-0.0022421181201934,0.5,-0.0149975806474685,-0.0068585773309071,0.0208333333333333,0.8703072112305593,0.961764705882353,0.378838183151351,0.2857142857142856,0.0,0.0,0.0,0.0
91,21738, bărbat,▁bărbat,OK,"(21738,)",0.0431541266540686,0.6647544694798333,False,0.0222002230584621,0.0223207933207352,0.0009573101997375,0.4166666666666667,-0.0172492265701293,-0.0055211211244265,0.0208333333333333,0.8676428032153518,0.976470588235294,0.2599925647179285,0.4047619047619047,0.0,0.0,0.0,0.0
92,18158, imperative,▁imperative,OK,"(18158,)",0.0460538879036903,0.6676651972626881,False,0.0185414726535479,0.0210538879036903,-0.0098050832748413,0.5,-0.0186988830566406,-0.0075687865416208,0.0208333333333333,0.8904994533864836,0.9352941176470588,0.3819509115484025,0.2857142857142856,0.0,0.0,0.0,0.0
93,19486, vitesse,▁vitesse,OK,"(19486,)",0.0439829627672831,0.6704872673939143,False,0.022963107873996,0.0231496294339497,0.0005441516637802,0.4166666666666667,-0.0206232458353042,-0.0095638781785964,0.0416666666666666,0.839111298971851,0.9529411764705882,0.2345630708667967,0.4047619047619047,0.0311622917652128,0.0,0.0,0.0
94,18852,kap,kap,OK,"(18852,)",0.0530977353453636,0.6707821223470898,False,0.0239310686786969,0.0239310686786969,0.0037039279937744,0.5833333333333334,-0.0260363548994064,-0.0080527563889821,0.0416666666666666,0.8322136948163686,0.9705882352941176,0.2022977107101016,0.1666666666666665,0.3018177449703216,0.0,0.0,0.0
95,3169, trouble,▁trouble,OK,"(3169,)",0.0469236706693967,0.6711428747290656,False,0.0191901102662086,0.0198403373360633,-0.0033879578113555,0.5416666666666666,-0.0216924548149108,-0.0094583109021186,0.0416666666666666,0.8975388536345534,0.9588235294117649,0.360329657793045,0.2261904761904762,0.0846227407455444,0.0,0.0,0.0
96,11564,tata,tata,OK,"(11564,)",0.0436611108481884,0.6722777211476884,False,0.0205907920996348,0.0207444441815217,0.0015491247177124,0.4583333333333333,-0.0202679872512817,-0.0081756487488746,0.0416666666666666,0.8693012077059576,0.9823529411764708,0.3136402633455064,0.3452380952380952,0.0133993625640867,0.0,0.0,0.0
97,31302, reacți,▁reacți,OK,"(31302,)",0.0435906750460465,0.6735347646569447,False,0.0183653856317202,0.0185906750460465,0.0009776413440704,0.5,-0.0178961217403411,-0.0101337482531865,0.0,0.8797960482810678,0.988235294117647,0.3878204789426591,0.2857142857142856,0.0,0.0,0.0,0.0
98,9850, depict,▁depict,OK,"(9850,)",0.0429070343573888,0.6752575115552024,False,0.021885131796201,0.0220737010240554,0.0066516935825347,0.4166666666666667,-0.0189790695905685,-0.0056824932495752,0.0208333333333333,0.950094799603218,0.973529411764706,0.2704956067932976,0.4047619047619047,0.0,0.0,0.0,0.0
99,7693, graphic,▁graphic,OK,"(7693,)",0.0537054486572742,0.6759345732511035,False,0.0264433982471625,0.0266221153239409,0.0113163769245147,0.5416666666666666,-0.0216238141059875,-0.0102384984493255,0.0625,0.8358773137289879,0.9794117647058824,0.1185533917612498,0.2261904761904762,0.0811907052993774,0.2499999999999999,0.0,0.0
100,14338, surroundings,▁surroundings,OK,"(14338,)",0.0448472196857134,0.6768283867646775,False,0.0218804876009623,0.0219305530190467,0.006432032585144,0.4583333333333333,-0.0212187975645065,-0.0084123387932777,0.0416666666666666,0.9005971568378252,0.9911764705882352,0.2706504133012559,0.3452380952380952,0.0609398782253264,0.0,0.0,0.0
101,10176, Mach,▁Mach,OK,"(10176,)",0.0423550573488076,0.6774504693254592,False,0.0236050573488076,0.0236050573488076,0.0040887534618377,0.375,-0.0182020783424377,-0.007957324385643,0.0208333333333333,0.8416536712644777,0.9794117647058824,0.2131647550397449,0.4642857142857142,0.0,0.0,0.0,0.0
102,26182, correspondant,▁correspondant,OK,"(26182,)",0.045796912908554,0.6800613592541406,False,0.0212985103329022,0.0228802462418874,-0.0062534928321838,0.4583333333333333,-0.0208954721689224,-0.0049014538526535,0.0416666666666666,0.8531154577578479,0.9147058823529411,0.2900496555699242,0.3452380952380952,0.0447736084461211,0.0,0.0,0.0
103,31149, dicke,▁dicke,OK,"(31149,)",0.0439983054995536,0.6811315606510828,False,0.0206675653656323,0.021081638832887,0.0015958964824676,0.4583333333333333,-0.0204962462186813,-0.0120393062631289,0.0416666666666666,0.8650865369125641,0.9588235294117649,0.3110811544789208,0.3452380952380952,0.0248123109340667,0.0,0.0,0.0
104,15091,spieler,spieler,OK,"(15091,)",0.043377735465765,0.6813570499893219,False,0.0199164313574632,0.0204610687990983,0.0007377922534942,0.4583333333333333,-0.0145983040332794,-0.0041607071955998,0.0,0.8632538397833831,0.976470588235294,0.3361189547512266,0.3452380952380952,0.0,0.0,0.0,0.0
105,10924,issent,issent,OK,"(10924,)",0.0441918467481931,0.6826723672094799,False,0.0198769718408584,0.0212751800815264,-0.00636847615242,0.4583333333333333,-0.0153585076332092,-0.0069697126746177,0.0208333333333333,0.8434881437394015,0.9323529411764706,0.3374342719713846,0.3452380952380952,0.0,0.0,0.0,0.0
106,14385, Freunde,▁Freunde,OK,"(14385,)",0.0433170770605405,0.6835762900965554,False,0.0224837437272071,0.0224837437272071,0.0070877432823181,0.4166666666666667,-0.0205654501914978,-0.0097534582018852,0.0416666666666666,0.866847679889416,0.9823529411764708,0.2505418757597605,0.4047619047619047,0.0282725095748901,0.0,0.0,0.0
107,798, moment,▁moment,OK,"(798,)",0.0429079527656237,0.6837679336941431,False,0.0198441048463185,0.019991286098957,0.0031441420316696,0.4583333333333333,-0.0191174536943435,-0.0107929383714993,0.0208333333333333,0.8936122519851646,0.9823529411764708,0.3385298384560479,0.3452380952380952,0.0,0.0,0.0,0.0
108,30122, Angehörige,▁Angehörige,OK,"(30122,)",0.0445449354747931,0.6838559297815201,False,0.0180557506779829,0.0195449354747931,-0.0049246311187744,0.5,-0.0149311155080795,-0.0052001997828483,0.0,0.8540668115091496,0.9647058823529412,0.3981416440672344,0.2857142857142856,0.0,0.0,0.0,0.0
109,12922,kett,kett,OK,"(12922,)",0.0427363708615303,0.6864491906904039,False,0.0197636671364307,0.0198197041948636,0.0018777668476104,0.4583333333333333,-0.0173586308956146,-0.0089773957928021,0.0208333333333333,0.8592275100166165,0.973529411764706,0.3412110954523086,0.3452380952380952,0.0,0.0,0.0,0.0
110,24243, événements,▁événements,OK,"(24243,)",0.0434028819203376,0.6922911873885562,False,0.0178026929497718,0.0184028819203376,0.0022233963012695,0.5,-0.0184065014123916,-0.0087381328145662,0.0208333333333333,0.8821857408398142,0.9823529411764708,0.4065769016742706,0.2857142857142856,0.0,0.0,0.0,0.0
111,6156, Pas,▁Pas,OK,"(6156,)",0.0419192654391129,0.6940963909266487,False,0.0231056797007719,0.0231692654391129,0.0045275151729583,0.375,-0.0153720140457153,-0.0048461134235064,0.0208333333333333,0.8767606701945617,0.9588235294117649,0.2298106766409343,0.4642857142857142,0.0,0.0,0.0,0.0
112,21711, bilden,▁bilden,OK,"(21711,)",0.0421379456917444,0.694608159481533,False,0.0213046123584111,0.0213046123584111,0.004294216632843,0.4166666666666667,-0.0131268233060836,-0.0035008465250333,0.0,0.8725651422596122,0.973529411764706,0.2898462547196282,0.4047619047619047,0.0,0.0,0.0,0.0
113,25107, Merry,▁Merry,OK,"(25107,)",0.0447893393536408,0.6946572583346139,False,0.0192002318799495,0.0197893393536408,0.0009231865406036,0.5,-0.0209790140390396,-0.0081436485052108,0.0416666666666666,0.8586945203490515,0.9852941176470588,0.3599922706683476,0.2857142857142856,0.0489507019519806,0.0,0.0,0.0
114,21415,RAL,RAL,OK,"(21415,)",0.0420606757203737,0.6971838251938896,False,0.0212273423870404,0.0212273423870404,0.0044691979885101,0.4166666666666667,-0.0187465876340866,-0.0098308821519215,0.0208333333333333,0.812724952708263,0.973529411764706,0.2924219204319848,0.4047619047619047,0.0,0.0,0.0,0.0
115,29508, pantofi,▁pantofi,OK,"(29508,)",0.042049866169691,0.6975441435499796,False,0.0212165328363577,0.0212165328363577,0.0033505916595458,0.4166666666666667,-0.0199397712945938,-0.0040706023573875,0.0416666666666666,0.8595483844623902,0.976470588235294,0.2927822387880748,0.4047619047619047,0.0,0.0,0.0,0.0
116,29248, motoare,▁motoare,OK,"(29248,)",0.0442377420763174,0.698357864741295,False,0.0254877420763174,0.0254877420763174,0.0044393002986907,0.375,-0.0216732710599899,-0.0120148733258247,0.0416666666666666,0.855914174537945,0.9558823529411766,0.1504085974560843,0.4642857142857142,0.0836635529994965,0.0,0.0,0.0
117,12941, Listen,▁Listen,OK,"(12941,)",0.0444759940107663,0.6986603642266892,False,0.0187531684835751,0.0194759940107663,-0.0022048711776733,0.5,-0.0207610338926315,-0.0102447668711344,0.0416666666666666,0.8562142079684772,0.973529411764706,0.3748943838808272,0.2857142857142856,0.0380516946315764,0.0,0.0,0.0
118,2280, km,▁km,OK,"(2280,)",0.0420503864685694,0.6995198719558261,False,0.0211572609841823,0.0212170531352361,0.0030209898948669,0.4166666666666667,-0.0172530770301818,-0.0062511612971623,0.0,0.8790575816410108,0.9794117647058824,0.2947579671939214,0.4047619047619047,0.0,0.0,0.0,0.0
119,23662, artistique,▁artistique,OK,"(23662,)",0.0436699216564496,0.7009833795683723,False,0.0228365883231163,0.0228365883231163,0.0097329139709472,0.4166666666666667,-0.0211488217115402,-0.0084926635026931,0.0416666666666666,0.8400062276041099,0.961764705882353,0.2387803892294565,0.4047619047619047,0.057441085577011,0.0,0.0,0.0
120,11930, scroll,▁scroll,OK,"(11930,)",0.0437998717029889,0.701687099914702,False,0.0207721541325251,0.0208832050363222,0.0014677882194519,0.4583333333333333,-0.0209770828485488,-0.0104621474941571,0.0416666666666666,0.886010761837137,0.988235294117647,0.3075948622491624,0.3452380952380952,0.0488541424274444,0.0,0.0,0.0
121,803, friends,▁friends,OK,"(803,)",0.0541296139359474,0.7030292801440707,False,0.027046280602614,0.027046280602614,0.0086889088153839,0.5416666666666666,-0.0225676298141479,-0.0115786641836166,0.0625,0.858329262259708,0.9823529411764708,0.0984573132461971,0.2261904761904762,0.1283814907073974,0.2499999999999999,0.0,0.0
122,12759, beneath,▁beneath,OK,"(12759,)",0.0422906200091044,0.7033651130540031,False,0.0192561894655227,0.0193739533424377,0.0036634504795074,0.4583333333333333,-0.0199750155210495,-0.0081614479422569,0.0416666666666666,0.9232789740477644,0.9852941176470588,0.3581270178159078,0.3452380952380952,0.0,0.0,0.0,0.0
123,22250, papa,▁papa,OK,"(22250,)",0.0442652453978856,0.7042299452282132,False,0.0234319120645523,0.0234319120645523,0.0102380275726318,0.4166666666666667,-0.0216106355190277,-0.0069289182623227,0.0416666666666666,0.8559641929745246,0.9647058823529412,0.218936264514923,0.4047619047619047,0.0805317759513854,0.0,0.0,0.0
124,28387, ressenti,▁ressenti,OK,"(28387,)",0.0434568991263707,0.7043134891797624,False,0.0192277381817499,0.020540232459704,0.0050855934619903,0.4583333333333333,-0.0177346944808959,-0.0066315035025278,0.0208333333333333,0.875512293381596,0.9411764705882352,0.3590753939416672,0.3452380952380952,0.0,0.0,0.0,0.0
125,19020, humaine,▁humaine,OK,"(19020,)",0.0545323024193445,0.7049807906150816,False,0.0253656357526779,0.0253656357526779,0.0065163791179656,0.5833333333333334,-0.0226767063140869,-0.0055347060163815,0.0625,0.8235174338565998,0.961764705882353,0.1544788082440694,0.1666666666666665,0.1338353157043456,0.2499999999999999,0.0,0.0
126,7253,rai,rai,OK,"(7253,)",0.0417784308393796,0.7089328148535319,False,0.0226605869829654,0.0230284308393796,0.0004841864109039,0.375,-0.0123307675123214,-0.0049400031566619,0.0208333333333333,0.8258017635049586,0.9470588235294116,0.2446471005678176,0.4642857142857142,0.0,0.0,0.0,0.0
127,23794, Verantwortlich,▁Verantwortlich,OK,"(23794,)",0.0451329909265041,0.7122697193944264,False,0.0207747655610243,0.0242996575931708,-0.016631007194519,0.4166666666666667,-0.0157925248146057,-0.0086116890112559,0.0208333333333333,0.885498690373759,0.9470588235294116,0.3075078146325217,0.4047619047619047,0.0,0.0,0.0,0.0
128,96," ""","▁""",OK,"(96,)",0.0163561632235844,1.5260691335276952,False,0.007075068851312,0.0080228298902511,-0.0026384770870208,0.1666666666666666,-0.0048589915037155,-0.000518483420213,0.0,0.945753616128414,0.988235294117647,0.7641643716229333,0.761904761904762,0.0,0.0,0.0,0.0
129,17,t,t,OK,"(17,)",0.0245922332008679,1.2355130435455413,False,0.0140060372650623,0.0141755665342013,0.0008194833993911,0.2083333333333333,-0.0054313659667968,0.0002050250768661,0.0,0.9218661847812268,0.9647058823529412,0.5331320911645889,0.7023809523809523,0.0,0.0,0.0,0.0
130,15799, putere,▁putere,OK,"(15799,)",0.0195403849085172,1.464065112055294,False,0.008935189495484,0.0112070515751838,-0.0094609260559082,0.1666666666666666,-0.0054901540279388,-0.0015204648176829,0.0208333333333333,0.932943261571028,0.9676470588235294,0.7021603501505322,0.761904761904762,0.0,0.0,0.0,0.0
131,30173, machiaj,▁machiaj,OK,"(30173,)",0.0200525241593519,1.3968932850966378,False,0.0109503443042437,0.0117191908260186,-0.0025711864233016,0.1666666666666666,-0.005771067738533,-0.0016882096727689,0.0,0.9369603286643542,0.9705882352941176,0.6349885231918759,0.761904761904762,0.0,0.0,0.0,0.0
132,6889, ihm,▁ihm,OK,"(6889,)",0.0136805596450964,1.6117775118540203,False,0.0062895317872365,0.0074305596450964,0.000130358338356,0.125,-0.0057917922735214,-0.0016021380821863,0.0,0.9500958802484528,0.9941176470588234,0.790348940425449,0.8214285714285714,0.0,0.0,0.0,0.0
133,121,"""","""",OK,"(121,)",0.0195024001101652,1.4133324081462526,False,0.0086714563270409,0.0090857334434986,-0.0022183418273925,0.2083333333333333,-0.0058955937623977,-0.002570537229379,0.0,0.9457536933173594,0.988235294117647,0.7109514557653003,0.7023809523809523,0.0,0.0,0.0,0.0
134,28448, senzati,▁senzati,OK,"(28448,)",0.014601815243562,1.5683012216810197,False,0.0075938204924265,0.008351815243562,-0.0021285474300384,0.125,-0.0060203284025192,5.482882261276245e-05,0.0,0.9420726297030936,0.988235294117647,0.7468726502524481,0.8214285714285714,0.0,0.0,0.0,0.0
135,19890, pursu,▁pursu,OK,"(19890,)",0.0206121745208899,1.3584800369682766,False,0.0121027417480945,0.0122788411875565,0.0018834590911865,0.1666666666666666,-0.0060887694358825,0.0005923062562942,0.0,0.970430921953254,0.9970588235294118,0.5965752750635147,0.761904761904762,0.0,0.0,0.0,0.0
136,2824,....,....,OK,"(2824,)",0.0107430731256802,1.6829479033984835,False,0.0059401343266169,0.0065764064590136,6.062388420105015e-05,0.0833333333333333,-0.0060956001281738,-0.001553252339363,0.0,0.9686654563954632,0.988235294117647,0.8019955224461025,0.8809523809523809,0.0,0.0,0.0,0.0
137,5218,erii,erii,OK,"(5218,)",0.0153174484769503,1.5673906365557322,False,0.0076211380461851,0.0090674484769503,-0.0057329982519149,0.125,-0.0062024623155593,-0.0016391277313232,0.0,0.9352856373062818,0.9852941176470588,0.7459620651271608,0.8214285714285714,0.0,0.0,0.0,0.0
138,9518, oferit,▁oferit,OK,"(9518,)",0.0185429135958353,1.4469221125519465,False,0.0094494794805844,0.010209580262502,-0.002771246433258,0.1666666666666666,-0.006272006034851,-0.001526820162932,0.0,0.9372350441208152,0.9852941176470588,0.6850173506471845,0.761904761904762,0.0,0.0,0.0,0.0
139,31,',',OK,"(31,)",0.007166364043951,1.8166748597508384,False,0.0037140399217605,0.0050830307106177,-0.0033772587776184,0.0416666666666666,-0.0062968254089355,-0.0018925641973813,0.0,0.9549577803485128,0.9941176470588234,0.8761986692746481,0.9404761904761906,0.0,0.0,0.0,0.0
140,24800,aparut,aparut,OK,"(24800,)",0.0187977445622285,1.4348705086916214,False,0.0098110275963942,0.0104644112288951,-0.001909989118576,0.1666666666666666,-0.0063150465488433,0.0001740331451098,0.0,0.9353118043587516,0.976470588235294,0.6729657467868594,0.761904761904762,0.0,0.0,0.0,0.0
141,25205,izeze,izeze,OK,"(25205,)",0.0096751943230628,1.7072335711074254,False,0.0069972785810629,0.0075918609897295,-0.002857220172882,0.0416666666666666,-0.0063732832670211,-0.002168429394563,0.0,0.9625064732579284,0.9852941176470588,0.7667573806312349,0.9404761904761906,0.0,0.0,0.0,0.0
142,3416, €,▁€,OK,"(3416,)",0.0034908577799797,1.9404330220487385,False,0.0017870093385378,0.0034908577799797,-0.0056449651718139,0.0,-0.0064221203327178,-0.0013733009497324,0.0,0.983935359507127,0.9941176470588234,0.9404330220487382,1.0,0.0,0.0,0.0,0.0
143,9031,igh,igh,OK,"(9031,)",0.0077658861875534,1.7817625980528575,False,0.0047614077726999,0.00568255285422,-0.0032795429229736,0.0416666666666666,-0.0064230382442474,-0.0026505167285601,0.0,0.9745816031109616,0.9941176470588234,0.8412864075766668,0.9404761904761906,0.0,0.0,0.0,0.0
144,9175,|,|,OK,"(9175,)",0.00650453393658,1.8284593189046496,False,0.0033605061471462,0.0044212006032466,-0.0014858901500701,0.0416666666666666,-0.006504413485527,-0.0019731347759564,0.0,0.9827411693337892,0.9970588235294118,0.8879831284284592,0.9404761904761906,0.0,0.0,0.0,0.0
145,26356, sunet,▁sunet,OK,"(26356,)",0.0192570934693018,1.4175509268802309,False,0.0085449007650216,0.0088404268026351,0.0006242871284484,0.2083333333333333,-0.00668186545372,-0.0021523982286453,0.0208333333333333,0.9316698755397728,0.9794117647058824,0.7151699744992785,0.7023809523809523,0.0,0.0,0.0,0.0
146,20352, cuir,▁cuir,OK,"(20352,)",0.0286378850539525,1.1240206857522328,False,0.013779379427433,0.0140545517206192,0.0019609928131103,0.2916666666666667,-0.0067459851503372,-0.0008386373519897,0.0,0.8956777509734877,0.9676470588235294,0.5406873524188995,0.5833333333333333,0.0,0.0,0.0,0.0
147,18956,rius,rius,OK,"(18956,)",0.0167526185512542,1.5081340131305514,False,0.0076131224632263,0.0084192852179209,-0.0023437440395355,0.1666666666666666,-0.0068404585123062,-0.0017304743329683,0.0,0.9412262529174528,0.988235294117647,0.7462292512257894,0.761904761904762,0.0,0.0,0.0,0.0
148,5615,itz,itz,OK,"(5615,)",0.0177086137235164,1.4802838670355931,False,0.008448626846075,0.0093752803901831,-0.0029391944408416,0.1666666666666666,-0.0068665385246276,-0.0020819256703058,0.0,0.9445348798704584,0.976470588235294,0.7183791051308314,0.761904761904762,0.0,0.0,0.0,0.0
149,18457, varsta,▁varsta,OK,"(18457,)",0.011177717645963,1.704062103752106,False,0.0053067083160082,0.0070110509792963,-0.0076851367950439,0.0833333333333333,-0.0069116950035095,-0.0003707160552342,0.0,0.9769164915185172,0.9823529411764708,0.8231097227997249,0.8809523809523809,0.0,0.0,0.0,0.0
150,10470,ôt,ôt,OK,"(10470,)",0.0227623519798119,1.3036532390212257,False,0.0119618314007918,0.0123456853131453,-0.0001114100217819,0.2083333333333333,-0.0069447517395019,-0.0024459213018417,0.0,0.9143808639959344,0.9911764705882352,0.6012722866402732,0.7023809523809523,0.0,0.0,0.0,0.0
151,1110, sein,▁sein,OK,"(1110,)",0.0232545932133992,1.276727544409888,False,0.0127696022391319,0.0128379265467325,0.00150688290596,0.2083333333333333,-0.0069692075252532,-0.0015235270063082,0.0,0.9008639990218617,0.973529411764706,0.5743465920289358,0.7023809523809523,0.0,0.0,0.0,0.0
152,19355, persoană,▁persoană,OK,"(19355,)",0.0112563801308472,1.685504615070328,False,0.0076491472621758,0.0091730467975139,-0.0021305739879608,0.0416666666666666,-0.0070143938064575,-0.0022071649630864,0.0,0.9320064965303956,0.9911764705882352,0.7450284245941374,0.9404761904761906,0.0,0.0,0.0,0.0
153,23158, pierdere,▁pierdere,OK,"(23158,)",0.0155165739357471,1.5268917225656056,False,0.0088361054658889,0.0092665739357471,-0.0012882530689239,0.125,-0.0070826947689056,-0.0020379871129989,0.0,0.923481595029279,0.9676470588235294,0.7054631511370341,0.8214285714285714,0.0,0.0,0.0,0.0
154,12307,oara,oara,OK,"(12307,)",0.0189684621989727,1.4270686332195526,False,0.0100450838605562,0.0106351288656393,-0.001669830083847,0.1666666666666666,-0.0070859909057617,7.502734661102295e-06,0.0,0.9282047094056196,0.9676470588235294,0.6651638713147906,0.761904761904762,0.0,0.0,0.0,0.0
155,31308, mănânc,▁mănânc,OK,"(31308,)",0.0247350218395392,1.289437486302285,False,0.0106025896966457,0.0122350218395392,-0.0068045675754547,0.25,-0.0070969402790069,-0.0016484757264455,0.0,0.967278988559286,0.9794117647058824,0.6465803434451421,0.6428571428571428,0.0,0.0,0.0,0.0
156,6872,eşti,eşti,OK,"(6872,)",0.0145621707042058,1.5906861599475617,False,0.0069222723444302,0.0083121707042058,-0.0027444303035736,0.125,-0.0070999473333358,-0.0016591573754946,0.0208333333333333,0.9570564705833317,0.976470588235294,0.7692575885189904,0.8214285714285714,0.0,0.0,0.0,0.0
157,27499,izant,izant,OK,"(27499,)",0.0180780818065007,1.4872860882490402,False,0.0082385602096716,0.0097447484731674,-0.0060712814331054,0.1666666666666666,-0.0071667432785034,-0.0007523943980534,0.0,0.9264857887818682,0.973529411764706,0.7253813263442782,0.761904761904762,0.0,0.0,0.0,0.0
158,17319,enţă,enţă,OK,"(17319,)",0.012131368368864,1.6652539748521078,False,0.0064709521830081,0.0079647017021973,-0.0059677362442016,0.0833333333333333,-0.0071757376194,-0.0012669786810874,0.0,0.9450478004122352,0.973529411764706,0.7843015938997269,0.8809523809523809,0.0,0.0,0.0,0.0
159,3077,ige,ige,OK,"(3077,)",0.0109289221465587,1.6535240740530075,False,0.0086085634926954,0.0088455888132254,-5.875229835510226e-05,0.0416666666666666,-0.007177710533142,-0.0006469140450159,0.0,0.9424820398691708,0.9794117647058824,0.713047883576817,0.9404761904761906,0.0,0.0,0.0,0.0
160,20437,enţa,enţa,OK,"(20437,)",0.0112009286880493,1.726156345199025,False,0.0046438810726006,0.0070342620213826,-0.008960473537445,0.0833333333333333,-0.0071844279766082,-0.0015553881724675,0.0,0.9597164788286546,0.976470588235294,0.8452039642466439,0.8809523809523809,0.0,0.0,0.0,0.0
161,7890,intérieur,intérieur,OK,"(7890,)",0.0162197237213452,1.509028914192366,False,0.0093719897170861,0.0099697237213452,-0.002762746810913,0.125,-0.0072748661041259,-0.0016451130310694,0.0,0.9321958410133118,0.9823529411764708,0.6876003427637947,0.8214285714285714,0.0,0.0,0.0,0.0
162,5290,izat,izat,OK,"(5290,)",0.005800242225329,1.8105218013127649,False,0.005684345960617,0.005800242225329,0.0001545488834381,0.0,-0.0073278814554214,-0.0029858673612276,0.0,0.9820857579989168,0.9970588235294118,0.8105218013127645,1.0,0.0,0.0,0.0,0.0
163,13147,nehm,nehm,OK,"(13147,)",0.0272850806514422,1.1878349913491142,False,0.0118649502595265,0.0127017473181088,-0.0032699167728424,0.2916666666666667,-0.007336676120758,-0.0026278768976529,0.0,0.9216114612616084,0.988235294117647,0.6045016580157809,0.5833333333333333,0.0,0.0,0.0,0.0
164,6303,itati,itati,OK,"(6303,)",0.019026310245196,1.4065980424010565,False,0.0124449158708254,0.012776310245196,-0.0002961158752441,0.125,-0.0073402613401412,-0.0023789977033933,0.0208333333333333,0.9249674822270524,0.9705882352941176,0.5851694709724851,0.8214285714285714,0.0,0.0,0.0,0.0
165,13114,->,->,OK,"(13114,)",0.0147296398878097,1.5546926534365093,False,0.0080020775397618,0.0084796398878097,0.0005801707506179,0.125,-0.0073808133602142,-0.0026778876781463,0.0,0.9710790003383192,0.988235294117647,0.7332640820079379,0.8214285714285714,0.0,0.0,0.0,0.0
166,31468, ingrijire,▁ingrijire,OK,"(31468,)",0.0146673480669657,1.745822976978998,False,0.0022681678334871,0.0084173480669657,-0.0179385662078857,0.125,-0.0074508249759674,-0.0031795377532641,0.0416666666666666,0.9871826212485884,0.9794117647058824,0.9243944055504268,0.8214285714285714,0.0,0.0,0.0,0.0
167,24594,idia,idia,OK,"(24594,)",0.0163322125871976,1.5067069407493348,False,0.009441648920377,0.0100822125871976,-0.0022444069385528,0.125,-0.007456886768341,-0.0028900156418482,0.0,0.9114044582636672,0.976470588235294,0.6852783693207634,0.8214285714285714,0.0,0.0,0.0,0.0
168,15271,oară,oară,OK,"(15271,)",0.0202184158066908,1.4064300661049192,False,0.0088785265882809,0.0098017491400241,-0.004815262556076,0.2083333333333333,-0.0074662655591964,-0.0021619920929272,0.0208333333333333,0.9364615336995744,0.9705882352941176,0.7040491137239667,0.7023809523809523,0.0,0.0,0.0,0.0
169,680, sie,▁sie,OK,"(680,)",0.0162428334355354,1.4792704709938596,False,0.0120504572987556,0.0120761667688687,0.0016189873218536,0.0833333333333333,-0.007506451010704,-0.0022399177153905,0.0,0.914532926218252,0.9794117647058824,0.5983180900414785,0.8809523809523809,0.0,0.0,0.0,0.0
170,13602,ffen,ffen,OK,"(13602,)",0.0187995376686255,1.4427500357703558,False,0.0095746417840321,0.0104662043352921,-0.0041737556457519,0.1666666666666666,-0.0075264036655426,-0.0023439849416414,0.0,0.9448974363467152,0.9852941176470588,0.6808452738655937,0.761904761904762,0.0,0.0,0.0,0.0
171,7184,н,н,OK,"(7184,)",0.0128498055040836,1.6046032271687944,False,0.0082904746135075,0.0086831388374169,0.0001515686511993,0.0833333333333333,-0.0075670391321182,-0.0026529481013615,0.0,0.9573364348880756,0.9911764705882352,0.7236508462164136,0.8809523809523809,0.0,0.0,0.0,0.0
172,13910,lebt,lebt,OK,"(13910,)",0.0229306605954964,1.2936762907202282,False,0.0122611398498217,0.0125139939288298,0.0014270663261413,0.2083333333333333,-0.0075696974992752,-0.0012222304940223,0.0,0.9266001827988604,0.9852941176470588,0.5912953383392758,0.7023809523809523,0.0,0.0,0.0,0.0
173,19845,Aici,Aici,OK,"(19845,)",0.0113031171262264,1.6685492838658984,False,0.0063720929125944,0.0071364504595597,-0.001720505952835,0.0833333333333333,-0.0075833261013031,-0.0028000697493553,0.0,0.9609356010313368,0.9852941176470588,0.7875969029135174,0.8809523809523809,0.0,0.0,0.0,0.0
174,6031,tting,tting,OK,"(6031,)",0.012611099332571,1.59068240036094,False,0.0104938137034575,0.0105277659992376,0.0019205600023269,0.0416666666666666,-0.0076106220483779,-0.0028888483842213,0.0,0.934518302000668,0.9970588235294118,0.6502062098847495,0.9404761904761906,0.0,0.0,0.0,0.0
175,21379,çant,çant,OK,"(21379,)",0.0200799778103828,1.389164090629608,False,0.0093965058525403,0.0096633111437161,-0.000590780377388,0.2083333333333333,-0.007613581418991,-0.002312920987606,0.0,0.9431675548927256,0.9911764705882352,0.6867831382486554,0.7023809523809523,0.0,0.0,0.0,0.0
176,257,ation,ation,OK,"(257,)",0.0118636603156725,1.6468979794354666,False,0.0070216320455074,0.0076969936490058,-0.0025286525487899,0.0833333333333333,-0.0076329231262207,-0.0025144467751185,0.0,0.9791883937466764,0.9941176470588234,0.7659455984830856,0.8809523809523809,0.0,0.0,0.0,0.0
177,25482,prindere,prindere,OK,"(25482,)",0.019281505793333,1.4297308498431769,False,0.0099652173618475,0.0109481724599997,-0.0049920082092285,0.1666666666666666,-0.0076582789421081,-0.0032212883234024,0.0,0.924568569757541,0.973529411764706,0.6678260879384147,0.761904761904762,0.0,0.0,0.0,0.0
178,30831,Totusi,Totusi,OK,"(30831,)",0.0133455095191796,1.6538357495788545,False,0.0050277846554915,0.0070955095191796,-0.0091306269168853,0.125,-0.0076633155345916,2.7574598789215088e-05,0.0,0.9715156582021012,0.9852941176470588,0.8324071781502829,0.8214285714285714,0.0,0.0,0.0,0.0
179,3997,cht,cht,OK,"(3997,)",0.0269817265371481,1.185402997665935,False,0.0119379100700219,0.0123983932038148,-0.0018274426460266,0.2916666666666667,-0.0076939612627029,-0.0033613344033559,0.0,0.930298999870554,0.976470588235294,0.6020696643326017,0.5833333333333333,0.0,0.0,0.0,0.0
180,31797,scrisă,scrisă,OK,"(31797,)",0.0150018778940041,1.541736797444404,False,0.008390753219525,0.0087518778940041,-0.0016840100288391,0.125,-0.0076946675777435,-0.001488372683525,0.0,0.9509260473555724,0.9852941176470588,0.7203082260158328,0.8214285714285714,0.0,0.0,0.0,0.0
181,27940, societati,▁societati,OK,"(27940,)",0.0174527247746785,1.5386427747351783,False,0.0066978596150875,0.0091193914413452,-0.0080870985984802,0.1666666666666666,-0.00774347782135,-0.0006156886617342,0.0,0.974254862305342,0.9823529411764708,0.7767380128304163,0.761904761904762,0.0,0.0,0.0,0.0
182,1575,tion,tion,OK,"(1575,)",0.0219771650930245,1.3357024081642666,False,0.0110003563265005,0.0115604984263579,-0.0023470759391784,0.2083333333333333,-0.0077883929014205,-0.0015367443362871,0.0,0.934955654564958,0.9823529411764708,0.6333214557833142,0.7023809523809523,0.0,0.0,0.0,0.0
183,23,i,i,OK,"(23,)",0.0189428533116976,1.4809117026272274,False,0.008429791778326,0.0106095199783643,-0.0083763062953948,0.1666666666666666,-0.0078283488750457,-0.0023243104418118,0.0,0.947524330534488,0.961764705882353,0.7190069407224655,0.761904761904762,0.0,0.0,0.0,0.0
184,20351,üchte,üchte,OK,"(20351,)",0.0175412699580192,1.4917359889026671,False,0.0081050631900628,0.0092079366246859,-0.0034193396568298,0.1666666666666666,-0.0078310221433639,-0.0018943871061007,0.0,0.9471625459476846,0.976470588235294,0.7298312269979053,0.761904761904762,0.0,0.0,0.0,0.0
185,15058,tient,tient,OK,"(15058,)",0.0105185138682524,1.705951860736287,False,0.0052500156064828,0.0063518472015857,-0.003466385602951,0.0833333333333333,-0.0078399628400802,-0.0005251740415891,0.0,0.9452633891365668,0.9823529411764708,0.8249994797839059,0.8809523809523809,0.0,0.0,0.0,0.0
186,10443,û,û,OK,"(10443,)",0.0047753130396207,1.9010318269332247,False,0.0029690451920032,0.0047753130396207,-0.0072098731994628,0.0,-0.0078434407711029,-0.0031396398941675,0.0,0.9562939209923288,0.9911764705882352,0.901031826933225,1.0,0.0,0.0,0.0,0.0
187,20719, apărut,▁apărut,OK,"(20719,)",0.0223808554311593,1.2946126666806994,False,0.0140187628567218,0.014047522097826,0.0006352573633193,0.1666666666666666,-0.00786734521389,-0.0016402229666709,0.0,0.9215569658661992,0.9705882352941176,0.5327079047759374,0.761904761904762,0.0,0.0,0.0,0.0
188,29904,weilige,weilige,OK,"(29904,)",0.0118522423009077,1.6661742043400567,False,0.0064433452983697,0.0076855756342411,-0.0026371538639068,0.0833333333333333,-0.00788434445858,-0.003179632127285,0.0,0.9152533306450996,0.973529411764706,0.7852218233876759,0.8809523809523809,0.0,0.0,0.0,0.0
189,10646,tial,tial,OK,"(10646,)",0.0162934720516204,1.5004880239093117,False,0.0096282164255777,0.0100434720516204,-0.0015089213848114,0.125,-0.0079043716192245,-0.0020914400617281,0.0,0.9061351549101084,0.9705882352941176,0.6790594524807401,0.8214285714285714,0.0,0.0,0.0,0.0
190,11733,usion,usion,OK,"(11733,)",0.0186342912415663,1.45611724659564,False,0.0091736254592736,0.010300957908233,-0.0034333556890487,0.1666666666666666,-0.0079110264778137,-0.0018656055132548,0.0,0.9294445182456528,0.976470588235294,0.694212484690878,0.761904761904762,0.0,0.0,0.0,0.0
191,20041,ieni,ieni,OK,"(20041,)",0.0136520368357499,1.572455172264387,False,0.0092549162606398,0.0094853701690832,-0.0005201339721679,0.0833333333333333,-0.0079158395528793,-0.0021040091911951,0.0,0.9520608020409992,0.9794117647058824,0.6915027913120059,0.8809523809523809,0.0,0.0,0.0,0.0
192,19175,analyzing,analyzing,OK,"(19175,)",0.0299228725334008,7.500511404304277,False,0.0109664909541606,0.0132562058667341,-0.0082819938659667,0.3333333333333333,-0.0335116982460022,-0.0228128756086031,0.3333333333333333,0.8998330634679156,0.9588235294117649,0.634450301527977,0.5238095238095238,0.6755849123001099,5.666666666666666,0.0,0.0
193,26831,Voraussetzungen,Voraussetzungen,OK,"(26831,)",0.0307272732257843,3.287755330167119,False,0.0089448628326257,0.0140606065591176,-0.0184284090995788,0.3333333333333333,-0.0229088246822357,-0.012180949250857,0.1458333333333333,0.9123184525654248,0.9588235294117649,0.701837905579143,0.5238095238095238,0.1454412341117858,1.9166666666666667,0.0,0.0
194,23078,politischen,politischen,OK,"(23078,)",0.0392200380563736,3.898176759008377,False,0.0189138601223627,0.0204700380563735,-0.0055230021476745,0.375,-0.0262870609760284,-0.0145644272367159,0.1875,0.8612791921837238,0.9352941176470588,0.3695379959212408,0.4642857142857142,0.3143530488014221,2.75,0.0,0.0
195,12743, Smartphone,▁Smartphone,OK,"(12743,)",0.0417683695753415,9.33494365641049,False,0.0209350362420082,0.0209350362420082,0.0043928623199462,0.4166666666666667,-0.0625603258609771,-0.0349016686280568,0.375,0.8240592230639333,0.9647058823529412,0.3021654585997263,0.4047619047619047,2.128016293048858,6.5,0.0,0.0
196,20202,",000.",",000.",OK,"(20202,)",0.0385778186221917,6.8160209284415325,False,0.0176798117657502,0.0177444852888584,0.0019567519426345,0.4166666666666667,-0.0433450549840927,-0.0257924248774846,0.2916666666666667,0.8426259432199662,0.9794117647058824,0.4106729411416583,0.4047619047619047,1.1672527492046354,4.833333333333334,0.0,0.0
197,2266,24,24,OK,"(2266,)",0.0308519437909126,6.366803849500323,False,0.0139119451244672,0.0141852771242459,-0.0002068847417831,0.3333333333333333,-0.0461345165967941,-0.0210884933670361,0.25,0.8553024521461344,0.9705882352941176,0.5362684958510928,0.5238095238095238,1.3067258298397064,4.0,0.0,0.0
198,3484,gra,gra,OK,"(3484,)",0.0402963687976201,0.7688527433645157,False,0.0208629891276359,0.0215463687976201,-0.0007850110530853,0.375,-0.0179346203804016,-0.005592035750548,0.0208333333333333,0.8749762161562175,0.9588235294117649,0.3045670290788014,0.4642857142857142,0.0,0.0,0.0,0.0
199,11171,mates,mates,OK,"(11171,)",0.0316894801954428,1.031173578566975,False,0.0165647926429907,0.0171061468621095,-0.0004429996013641,0.2916666666666667,-0.0187561362981796,-0.0081520850459734,0.0208333333333333,0.889462033961129,0.9823529411764708,0.4478402452336417,0.5833333333333333,0.0,0.0,0.0,0.0
200,3404,ware,ware,OK,"(3404,)",0.0144795256356398,1.8921763561074691,False,0.0089164351423581,0.0103128589689731,-0.0043282121419906,0.0833333333333333,-0.0261687695980072,-0.0081994061668713,0.0416666666666666,0.8996158537757319,0.9794117647058824,0.7027854952547284,0.8809523809523809,0.30843847990036,0.0,0.0,0.0
201,17624, angenehm,▁angenehm,OK,"(17624,)",0.0231457774837811,4.448222881035199,False,0.0110558581848939,0.0127291108171145,-0.0069969147443771,0.2083333333333333,-0.0439540773630142,-0.0141534333427747,0.1458333333333333,0.9245732782832068,0.9676470588235294,0.631471393836869,0.7023809523809523,1.1977038681507108,1.9166666666666667,0.0,0.0
202,5457,nch,nch,OK,"(5457,)",0.023572443674008,1.2678316339613898,False,0.0130364795525868,0.0131557770073413,0.0014938652515411,0.2083333333333333,-0.0168329864740371,-0.0047162945071856,0.0208333333333333,0.8926116516867367,0.976470588235294,0.5654506815804374,0.7023809523809523,0.0,0.0,0.0,0.0
203,7889, assembly,▁assembly,OK,"(7889,)",0.0454769944151242,2.6184136739798958,False,0.0196194201707839,0.0204769944151242,-0.0017899215221405,0.5,-0.0297336012125015,-0.0116420835256576,0.125,0.8741438877586283,0.973529411764706,0.3460193276405334,0.2857142857142856,0.4866800606250762,1.4999999999999998,0.0,0.0
204,1250, allows,▁allows,OK,"(1250,)",0.0324792039891084,4.1094644663352815,False,0.0157575843234856,0.0158125373224417,0.0023805677890777,0.3333333333333333,-0.0355514883995056,-0.0177898282806078,0.1666666666666666,0.9200571074693196,0.9794117647058824,0.4747471892171436,0.5238095238095238,0.7775744199752808,2.333333333333333,0.0,0.0
205,24903, dispus,▁dispus,OK,"(24903,)",0.0281727577249209,1.5369064278072782,False,0.0124925623337427,0.0135894243915875,-0.0057529866695404,0.2916666666666667,-0.0223998367786407,-0.0081835935513178,0.0625,0.9024902157222612,0.9823529411764708,0.5835812555419074,0.5833333333333333,0.1199918389320374,0.2499999999999999,0.0,0.0
206,17140,liga,liga,OK,"(17140,)",0.0261553098758061,1.2212747801390904,False,0.0130292189617951,0.0136553098758061,-0.0004937171936035,0.25,-0.020254498720169,-0.0077958156665166,0.0416666666666666,0.9186236315654313,0.9823529411764708,0.5656927012734942,0.6428571428571428,0.0127249360084532,0.0,0.0,0.0
207,8534, processed,▁processed,OK,"(8534,)",0.0273305614789327,2.215068224403593,False,0.0098445688684781,0.0127472281455993,-0.0093545258045196,0.2916666666666667,-0.0258644104003906,-0.0119516377647717,0.0833333333333333,0.9115824559716186,0.9558823529411766,0.6718477043840619,0.5833333333333333,0.2932205200195312,0.6666666666666665,0.0,0.0
208,2165,val,val,OK,"(2165,)",0.0222825730840365,1.7343841895224554,False,0.0111016233762105,0.0118659064173698,-0.0029663383960723,0.2083333333333333,-0.023041146993637,-0.0101358741521835,0.0625,0.8648633836715894,0.9794117647058824,0.6299458874596489,0.7023809523809523,0.1520573496818542,0.2499999999999999,0.0,0.0
209,31192,Developed,Developed,OK,"(31192,)",0.034144968787829,1.8836451783066703,False,0.0155986547470092,0.0174783021211624,-0.0079543054103851,0.3333333333333333,-0.0325958162546157,-0.0142966583371162,0.0625,0.8971946681272873,0.9529411764705882,0.4800448417663574,0.5238095238095238,0.6297908127307893,0.2499999999999999,0.0,0.0
210,12182, estim,▁estim,OK,"(12182,)",0.0211876047154267,1.99772011784334,False,0.0076918316384156,0.01077093804876,-0.0128513872623443,0.2083333333333333,-0.0260346710681915,-0.0087080647548039,0.0625,0.9321550080612276,0.9588235294117649,0.7436056120528115,0.7023809523809523,0.3017335534095763,0.2499999999999999,0.0,0.0
211,16063, Pearl,▁Pearl,OK,"(16063,)",0.0308892990152041,2.697337485022014,False,0.0159761706988016,0.0163059656818707,0.0017482936382293,0.2916666666666667,-0.0229308634996414,-0.0134603927532831,0.125,0.8710190476844745,0.9647058823529412,0.4674609767066107,0.5833333333333333,0.1465431749820708,1.4999999999999998,0.0,0.0
212,19109, nachhaltig,▁nachhaltig,OK,"(19109,)",0.0236108601093292,7.899383677849694,False,0.0064867163697878,0.0131941934426625,-0.0233190596103668,0.2083333333333333,-0.0432645320892334,-0.0212090338269869,0.3125,0.9333772178217232,0.9411764705882352,0.7837761210070715,0.7023809523809523,1.16322660446167,5.25,0.0,0.0
213,73, un,▁un,OK,"(73,)",0.0331295512616634,2.359980298649697,False,0.0206295512616634,0.0206295512616634,0.0030798226594924,0.25,-0.0264288306236267,-0.0114798098802566,0.1041666666666666,0.8685232975148325,0.95,0.3123482912778854,0.6428571428571428,0.3214415311813354,1.0833333333333333,0.0,0.0
214,13525,ără,ără,OK,"(13525,)",0.0470110192894935,1.8976457653537624,False,0.0218672553698221,0.0220110192894935,0.0055125653743743,0.5,-0.0334834665060043,-0.0128232712546984,0.0833333333333333,0.8637299411982333,0.961764705882353,0.2710914876725938,0.2857142857142856,0.6741733253002166,0.6666666666666665,0.0,0.0
215,6520,rib,rib,OK,"(6520,)",0.0291089256604512,1.6135718193319106,False,0.012801873187224,0.0145255923271179,-0.0056517601013183,0.2916666666666667,-0.0291393518447875,-0.0101004590590794,0.0416666666666666,0.8718008173228666,0.9794117647058824,0.5732708937591977,0.5833333333333333,0.4569675922393797,0.0,0.0,0.0
216,9015, programmes,▁programmes,OK,"(9015,)",0.0337048629919687,7.8888895161568175,False,0.0150676344831784,0.0170381963253021,-0.007666277885437,0.3333333333333333,-0.0356800228357315,-0.0225013320644696,0.3541666666666667,0.8636166278264759,0.973529411764706,0.4977455172273847,0.5238095238095238,0.7840011417865751,6.083333333333334,0.0,0.0
217,15296,ITY,ITY,OK,"(15296,)",0.0248736311992009,1.255433657339641,False,0.011622704565525,0.0123736311992009,-0.0026111006736755,0.25,-0.0109607338905334,-0.0035814419388771,0.0208333333333333,0.9243490443969972,0.973529411764706,0.6125765144824982,0.6428571428571428,0.0,0.0,0.0,0.0
218,6798, Think,▁Think,OK,"(6798,)",0.0361479674776395,1.680416871630956,False,0.0162488321463267,0.0173979674776395,-0.00378839969635,0.375,-0.0218218445777893,-0.0115712185700734,0.0833333333333333,0.8726013438749761,0.9529411764705882,0.4583722617891099,0.4642857142857142,0.0910922288894652,0.6666666666666665,0.0,0.0
219,25895,flooded,flooded,OK,"(25895,)",0.0465727013846238,4.061221602180647,False,0.0250398603578408,0.0257393680512905,-0.0010642349720001,0.4166666666666667,-0.0348224341869354,-0.0159074564774831,0.1875,0.8982672857117164,0.9382352941176472,0.1653379880719714,0.4047619047619047,0.7411217093467712,2.75,0.0,0.0
220,9136,hole,hole,OK,"(9136,)",0.038853878279527,1.6321554141385213,False,0.0149974301457405,0.0159372116128603,-0.0026305496692657,0.4583333333333333,-0.0224032998085021,-0.0064501787225405,0.0833333333333333,0.953477296376913,0.9647058823529412,0.5000856618086497,0.3452380952380952,0.1201649904251098,0.6666666666666665,0.0,0.0
221,23481, Ensemble,▁Ensemble,OK,"(23481,)",0.031370909512043,3.0888525976075063,False,0.0145375480254491,0.0167875761787096,-0.0104004502296447,0.2916666666666667,-0.0298020839691162,-0.012529710928599,0.125,0.8955104825289383,0.95,0.5154150658183627,0.5833333333333333,0.4901041984558105,1.4999999999999998,0.0,0.0
222,10038,WC,WC,OK,"(10038,)",0.0313061845799287,1.1486727808203017,False,0.0141746327280998,0.014639517913262,-0.0019178241491317,0.3333333333333333,-0.0219470202922821,-0.0105435376365979,0.0416666666666666,0.8715353645398463,0.9852941176470588,0.5275122423966726,0.5238095238095238,0.0973510146141052,0.0,0.0,0.0
223,23346,EQ,EQ,OK,"(23346,)",0.0202046290040016,5.44781775346824,False,0.0087015070021152,0.0118712956706682,-0.0096989870071411,0.1666666666666666,-0.0278525978326797,-0.0140546436111132,0.2291666666666666,0.9254519200479993,0.976470588235294,0.7099497665961584,0.761904761904762,0.3926298916339873,3.5833333333333326,0.0,0.0
224,1130, follow,▁follow,OK,"(1130,)",0.028925647586584,2.275365450316005,False,0.0140807790060838,0.0143423142532507,-0.000206771492958,0.2916666666666667,-0.0298944950103759,-0.0078227519989013,0.0833333333333333,0.945259761256136,0.9558823529411766,0.5306406997972064,0.5833333333333333,0.4947247505187989,0.6666666666666665,0.0,0.0
225,28654, festgelegt,▁festgelegt,OK,"(28654,)",0.0158642900486787,1.5628225200233006,False,0.0077581815421581,0.0096142900486787,-0.0071606338024139,0.125,-0.0182196676731109,-0.0071707963943481,0.0208333333333333,0.9455274525185712,0.976470588235294,0.7413939485947291,0.8214285714285714,0.0,0.0,0.0,0.0
226,20736,esel,esel,OK,"(20736,)",0.0150696501135826,1.532430653297712,False,0.01045565182964,0.0109029834469159,-0.0007284075021743,0.0833333333333333,-0.0129835277795791,-0.0059816166758537,0.0,0.91271597563392,0.973529411764706,0.6514782723453311,0.8809523809523809,0.0,0.0,0.0,0.0
227,15782, Demo,▁Demo,OK,"(15782,)",0.0376434033115704,2.4763740362629054,False,0.0188934033115704,0.0188934033115704,0.0015091896057128,0.375,-0.0311707019805908,-0.0146542439858118,0.1041666666666666,0.8634739826554896,0.9794117647058824,0.3702198896143172,0.4642857142857142,0.5585350990295409,1.0833333333333333,0.0,0.0
228,4408, accord,▁accord,OK,"(4408,)",0.0238040382663408,3.605237929593949,False,0.010169468820095,0.0113040382663408,-0.0008092820644378,0.25,-0.0360272616147995,-0.0118032246828079,0.125,0.9095201989189996,0.9588235294117649,0.6610177059968313,0.6428571428571428,0.801363080739975,1.4999999999999998,0.0,0.0
229,3147, 300,▁300,OK,"(3147,)",0.032707213362058,5.853178236219618,False,0.0177958582838376,0.0181238800287246,0.0035367727279663,0.2916666666666667,-0.0372608035802841,-0.0203678309917449,0.25,0.8567754487900363,0.9647058823529412,0.4068047238720788,0.5833333333333333,0.8630401790142057,4.0,0.0,0.0
230,25638, Numero,▁Numero,OK,"(25638,)",0.0434610081215699,1.0921913657396558,False,0.0195441084603468,0.0205443414549032,-0.0048465311527252,0.4583333333333333,-0.0229684710502624,-0.008742647866408,0.0625,0.8505919195678839,0.9470588235294116,0.348529717988438,0.3452380952380952,0.1484235525131225,0.2499999999999999,0.0,0.0
231,21815, stained,▁stained,OK,"(21815,)",0.0362973123788833,2.913845037184064,False,0.0196306457122166,0.0196306457122166,0.0093002557754516,0.3333333333333333,-0.0392211407423019,-0.0129582633574803,0.1041666666666666,0.8787257463649989,0.9470588235294116,0.3456451429261101,0.5238095238095238,0.9610570371150968,1.0833333333333333,0.0,0.0
232,7578,etic,etic,OK,"(7578,)",0.0152308603127797,1.5752846508745162,False,0.0073843176166216,0.0089808603127797,-0.005734097957611,0.125,-0.0178494751453399,-0.0069515431920687,0.0208333333333333,0.9290866702950616,0.973529411764706,0.7538560794459448,0.8214285714285714,0.0,0.0,0.0,0.0
233,8216, termen,▁termen,OK,"(8216,)",0.0231091765065987,1.609274743804856,False,0.0110855984191099,0.0126925098399321,-0.0027189850807189,0.2083333333333333,-0.0205282747745513,-0.0065060704946517,0.0625,0.8845088193387332,0.973529411764706,0.630480052696334,0.7023809523809523,0.0264137387275695,0.2499999999999999,0.0,0.0
234,794, test,▁test,OK,"(794,)",0.0331344669063886,6.3963470276859065,False,0.0182711618642012,0.0185511335730552,0.0002556830644607,0.2916666666666667,-0.0401077151298523,-0.0219213863213857,0.2708333333333333,0.8468115909699123,0.9529411764705882,0.3909612711932923,0.5833333333333333,1.0053857564926147,4.416666666666666,0.0,0.0
235,7999,elli,elli,OK,"(7999,)",0.0237700169285138,1.2682382287014098,False,0.0130242817103862,0.0133533502618471,-0.0013513684272766,0.2083333333333333,-0.0199570327997207,-0.0069962864120801,0.0416666666666666,0.8970497844768863,0.976470588235294,0.5658572763204575,0.7023809523809523,0.0,0.0,0.0,0.0
236,24742,estival,estival,OK,"(24742,)",0.0363764030237992,5.216010798301015,False,0.0146356485784053,0.0155430696904659,-0.00243701338768,0.4166666666666667,-0.0343154102563858,-0.0149816498160362,0.2291666666666666,0.8811832880066981,0.9647058823529412,0.5121450473864874,0.4047619047619047,0.7157705128192903,3.5833333333333326,0.0,0.0
237,8916, restoration,▁restoration,OK,"(8916,)",0.0362039362390836,6.645312244220385,False,0.0161227645973364,0.0174539362390836,-0.005503824353218,0.375,-0.0460357069969177,-0.0239880134661992,0.2708333333333333,0.8721409118160297,0.9529411764705882,0.4625745134221182,0.4642857142857142,1.3017853498458862,4.416666666666666,0.0,0.0
238,12740,volu,volu,OK,"(12740,)",0.0221833318471908,1.6090738217508982,False,0.0123876271148522,0.0138499985138575,-0.0044297754764556,0.1666666666666666,-0.0202017992734909,-0.0098381663362185,0.0625,0.8773331034131948,0.9558823529411766,0.5870790961715909,0.761904761904762,0.0100899636745453,0.2499999999999999,0.0,0.0
239,23267,tolerant,tolerant,OK,"(23267,)",0.0375462718307971,6.623255342008575,False,0.0207611036797364,0.0208796051641305,0.0032450973987579,0.3333333333333333,-0.0474963188171386,-0.0224246904253959,0.2708333333333333,0.8533520418753116,0.961764705882353,0.3079632106754515,0.5238095238095238,1.3748159408569336,4.416666666666666,0.0,0.0
240,16145, earthquake,▁earthquake,OK,"(16145,)",0.0587897693117459,6.701066635903858,False,0.0254473239183425,0.0254564359784126,0.0066309690475463,0.6666666666666666,-0.0533671677112579,-0.0266577129562695,0.2916666666666667,0.8567580040883896,0.9588235294117649,0.1517558693885803,0.0476190476190476,1.6683583855628965,4.833333333333334,0.0,0.0
241,31980,réglage,réglage,OK,"(31980,)",0.0180440319081147,1.4634707662321271,False,0.0107387341558933,0.0117940319081147,-0.0054619789123535,0.125,-0.0186148762702941,-0.0080424795548121,0.0208333333333333,0.8940430434891009,0.9852941176470588,0.6420421948035558,0.8214285714285714,0.0,0.0,0.0,0.0
242,17002,affiche,affiche,OK,"(17002,)",0.0446424938738346,3.825306803697632,False,0.0216025523841381,0.0217258272071679,0.0065927237272262,0.4583333333333333,-0.0373364090919494,-0.0172221089402834,0.1666666666666666,0.8853243977351837,0.9794117647058824,0.2799149205287297,0.3452380952380952,0.8668204545974731,2.333333333333333,0.0,0.0
243,16323, Plain,▁Plain,OK,"(16323,)",0.0542269229888916,2.733786039882236,False,0.024972250064214,0.0250602563222249,0.0052214443683624,0.5833333333333334,-0.0296572208404541,-0.0143119841814041,0.1458333333333333,0.8868790602832541,0.976470588235294,0.1675916645261976,0.1666666666666665,0.4828610420227049,1.9166666666666667,0.0,0.0
244,22467,länge,länge,OK,"(22467,)",0.0248749479651451,1.2799928855328333,False,0.0126716420054435,0.0144582812984784,-0.005654439330101,0.2083333333333333,-0.0173340529203414,-0.0077713504433631,0.0208333333333333,0.907073463729648,0.961764705882353,0.5776119331518809,0.7023809523809523,0.0,0.0,0.0,0.0
245,23156,ceşti,ceşti,OK,"(23156,)",0.0148153394460678,1.5470599510840009,False,0.0100167728960514,0.0106486727794011,-0.0004723787307739,0.0833333333333333,-0.0105914562940597,-0.0047678475578625,0.0208333333333333,0.9111244167699776,0.9558823529411766,0.6661075701316198,0.8809523809523809,0.0,0.0,0.0,0.0
246,728, once,▁once,OK,"(728,)",0.024605422715346,4.551603979771099,False,0.0120704186459382,0.012105422715346,0.0013546645641326,0.25,-0.0395552158355712,-0.0155089770754178,0.1666666666666666,0.919004404632788,0.976470588235294,0.5976527118020587,0.6428571428571428,0.9777607917785645,2.333333333333333,0.0,0.0
247,12327,regarded,regarded,OK,"(12327,)",0.0219820807377497,1.3897061168201386,False,0.0075945307811101,0.0094820807377497,-0.0076058804988861,0.25,-0.0177377790212631,-0.0051646530628204,0.0,0.951581304312554,0.9852941176470588,0.7468489739629958,0.6428571428571428,0.0,0.0,0.0,0.0
248,6148, mici,▁mici,OK,"(6148,)",0.0386513074239095,2.01389082367458,False,0.0174071739117304,0.0178179740905761,0.0014538049697875,0.4166666666666667,-0.0304540276527404,-0.0125476693113644,0.0833333333333333,0.8718840270059419,0.9705882352941176,0.419760869608985,0.4047619047619047,0.5227013826370238,0.6666666666666665,0.0,0.0
249,13418, breathe,▁breathe,OK,"(13418,)",0.0452145551641782,3.327173812994881,False,0.0200801144043604,0.0202145551641782,0.0016156315803527,0.5,-0.0275492668151855,-0.0162146985530853,0.1666666666666666,0.9004403860898419,0.9852941176470588,0.3306628531879848,0.2857142857142856,0.3774633407592773,2.333333333333333,0.0,0.0
250,24976, situatia,▁situatia,OK,"(24976,)",0.0263604392608006,1.2285651252383278,False,0.0124287605285644,0.0138604392608006,-0.0023807704448699,0.25,-0.0145410537719726,-0.0043777401248614,0.0,0.9111820769121458,0.9676470588235294,0.5857079823811849,0.6428571428571428,0.0,0.0,0.0,0.0
251,694, fun,▁fun,OK,"(694,)",0.0452239781618118,2.1300456613775283,False,0.0223073114951451,0.0223073114951451,0.0045099854469299,0.4583333333333333,-0.0289010256528854,-0.0129056125879287,0.1041666666666666,0.889413945248183,0.9794117647058824,0.2564229501618279,0.3452380952380952,0.4450512826442718,1.0833333333333333,0.0,0.0
252,21212, Colin,▁Colin,OK,"(21212,)",0.0489875088135401,3.3115234095898884,False,0.0217459922035535,0.0219041754802068,0.0028947710990905,0.5416666666666666,-0.0295373201370239,-0.0142761021852493,0.1666666666666666,0.813491207368642,0.95,0.2751335932148827,0.2261904761904762,0.4768660068511962,2.333333333333333,0.0,0.0
253,31728, ultraviolet,▁ultraviolet,OK,"(31728,)",0.0444242775440216,6.570824743026778,False,0.0207357667386531,0.0215076108773549,-0.0026350289583206,0.4583333333333333,-0.0500022441148757,-0.0240811084707578,0.2708333333333333,0.8150158434169755,0.9470588235294116,0.3088077753782272,0.3452380952380952,1.5001122057437897,4.416666666666666,0.0,0.0
254,28995,freiheit,freiheit,OK,"(28995,)",0.0436844324072202,2.955084462014456,False,0.0205434759457906,0.0207677657405535,0.0024979472160339,0.4583333333333333,-0.0275592446327209,-0.0159603928526242,0.1458333333333333,0.8544186387220043,0.9852941176470588,0.3152174684736464,0.3452380952380952,0.3779622316360474,1.9166666666666667,0.0,0.0
255,27850, purity,▁purity,OK,"(27850,)",0.0426253149906794,7.665796712750479,False,0.0197086483240127,0.0197086483240127,0.0069823801517486,0.4583333333333333,-0.0462169378995895,-0.0266817485292752,0.3333333333333333,0.8403433117284048,0.9794117647058824,0.3430450558662414,0.3452380952380952,1.310846894979477,5.666666666666666,0.0,0.0
