pair_id,data_row,sentence1,sentence2,similarity,sentence2_token_length,computed_similarity,baseline_similarity,group
0,23,"several different ways of computing these values , also known as ( term ) weights , have been developed .",No girl with a bikini is playing in the dunes,0.50763375,14,0.508,0.508,low
1,60,"after all , they have recommended policies that politicians or taking into consideration .",A boy is eating a cupcake,0.5198494,7,0.52,0.52,low
2,104,serve as a reason or cause or justification of .,A boy is eating a cupcake,0.5333609,7,0.5337,0.5337,low
3,148,There is no person riding a jetski in the waves,make a written note of something,0.556247,7,0.556,0.556,low
4,168,a boy is playing guitar .,the health department spokesperson added the department is following centers for disease control protocol .,0.5666407,16,0.567,0.567,low
5,213,the new zealand commerce commission had given westpac no indication whether it would have approved its deal .,"A man is rock climbing, stopping and calculating the route",0.5900266,12,0.5903,0.5903,low
6,264,jordan elected to take saudi seat on un security council,four black dogs run across the grass .,0.61654407,9,0.6167,0.6167,low
7,300,A dirty soccer ball is rolling into a goal net,"i would happily have explained what i was actually saying , but you never asked - you simply launched into accusations .",0.6352608,27,0.6353,0.6353,low
8,352,create an electrical short in something .,the united states and other nato members have refused to ratify the amended version until russia withdraws troops from former soviet republics moldova and georgia .,0.6622983,41,0.6626,0.6626,middle
9,396,"Emory Lane, 16650-Patsy C. Herold to Julia Hernandez, $459,900.

Hornbeam Dr., 4712-Clinton D. and Shenita Y. White to Stephen J. Tapparo and Luz M. Redondo, $685,000.

Morgal St., 4410-Jeremy A. Schiffer and Rachel Werner to Daniel F. Rogers and Jennifer L. Gordon, $470,000.

AD

Veirs Mill Rd., 12732, No. 1-101-Steven W. Watts and estate of Bradley Nolan Watts to Janys A. Cabrera Diaz, $190,000.

BETHESDA AREA

Alta Vista Rd., 5511-Ihor G. and Catherine Murashchyk to Marco and Carolyn Macchiavelli, $707,500.

AD

Arrowood Rd., 7205-MSM Design Build Corp. to David Arash and Beth Javdan, $5.97 million.

Bells Mill Rd., 6400-Ivan S. Dimitrov and James Norris Platt to Molly A. Herrera and Juan C. Herrera Trejo, $656,000.

Brixton Lane, 9903-Jeffrey M. and Sheryl E. Prieto to Gabriel I. Parra and Natalia Gudino, $745,000.

Burdette Rd., 8300, No. 502-Donna G. Smith and estate of Charles H. Goldberg to Kenneth H., Francine and Richard Shure, $680,000.

AD

Buttermere Lane, 6707-Irma Lee Westrell to Peter Glaser, $630,000.

Exeter Rd., 7515-Barry L. and Sigrun F. Haase to Carlton Ervin, $3.5 million.

Harling Lane, 4517-Anthony B. and Frank Crisafulli to Carlyle P. Thorsen, $889,000.

Inglemere Dr., 9819-Masha Kruskal to Earle and Cynthia Ingalls, $830,000.

Maple Ave., 4600-Richard Allen Lingle to Nathan K. Redmann and Bianca Elizabeth Bersani, $1.2 million.

AD

McLean Dr., 5605-Mid-Atlantic Custom Builders Corp. to Edward and Lerna Chaglassian, $2.33 million.

Millwood Rd., 7208-Richard Coghlan and Sang Me Lee to Roman and Katja Elisabeth Heini, $2.65 million.

Pelham Rd., 8507-George L. Richardson and Beatriz M. Romero Junquera to Huanhuan Deng and Bing Qi, $1.48 million.

AD

Rannoch Rd., 6800-John L. Stodola to Katherine E. Pappas and Craig D. Goldstein, $1.3 million.

Sentinel Dr., 4970, No. 11-204-Kerry Lynn Edwards to Rae B. Wine, $564,000.

Still Spring Ct., 8300-Eric Paul Hanson and Celia Noemi Cruz to Daniel P. Simon and Lisa Marie Yanni, $925,000.

Vendome Dr., 9232-John D. Gordon and H. Allison Smith to Brian S. Gold, $1.44 million.

Walton Rd., 5816-Natalie A. Albina to Stephen T. Power and Claudia A. Laguzzi, $1.58 million.

Whitley Park Terr., 5450, No. 305-Cheryl L. Maltz and estate of Adrienne K. Maltz to Mohanlal, Panna and Dipti Mistry, $389,250.

AD

Winterberry Ct., 5-Guillermo Jose Aviles Mendoza and Juliana Kruse De Andrade Maia to Maria L. Bruno Ruiz and Daniel F.B. Ruiz, $852,500.

AD

BOYDS AREA

Conrad Spring Rd., 15432-Rosemarie Borisow to James P. and Natacha C. Walsh, $765,000.

Shiloh Church Rd., 23210-Joe D. and Mary V. Pace to Sam and Rima Abuobaid, $925,000.

BROOKEVILLE AREA

Briars Rd., 3422-Mark B. and Gail A. Gunod Green to Maura Burns and James Landers Sullivan, $519,500.

Honeystone Way, 2302-Peter and Christina Donath to Vincent and Nicole T. Walker, $725,000.

Saint George Way, 2515-Laura Kane and estate of Richard V. Fazio to Michael and Yelena C. Roshal, $727,000.

BURTONSVILLE AREA

Aldora Cir., 14119-Gary W. and Wendy Ann Whichard to Emmerson Nelson, $285,000.

Bentley Park Dr., 14517-Daniel and Laura Davis to Tariq Shahzad and Humera Tariq, $660,000.

AD

AD

Regalwood Terr., 4313-Gordon H. Fry to Nina M. Keach and Lou Deutschman, $300,000.

Sorrento Ct., 14502-Tokozile and Rodwell Dlodlo to Akossiwa E. Atohoun, $290,000.

CALVERTON-COLESVILLE AREA

English Turn Dr., 13015-Itea Investments Corp. to Meseret Ibsa, $750,000.

Lillian Lane, 111-Carol Delaney and Patrick J. Doyle to Mamoon Osman Hassan Saeed, $470,000.

Peaceful Lane, 1415-Reginald L. Penny to Antoine D. Poole II and Marielys Montero, $435,000.

Staley Manor Dr., 1743-Sarah M. Pevey to Harris Iqbal and Victoria Audrey Prevette, $310,000.

Woodlake Dr., 3552, No. 19-Tara M. Royster to Titilayo O. Adigun, $365,000.

CHEVY CHASE AREA

Clifford Ave., 8804-Nancy B. and Condit N. Eddy to Patricia M. Diaz and Marcelino N. Andrade, $730,000.

AD

Falstone Ave., 4723-Brandon H. and Anna J. Lee to Helene Safire, $1.25 million.

AD

Inverness Dr., 3601-David J. Chorzempa to Brian P. and Cathleen D. Ciampa, $1.2 million.

Levelle Dr., 9211-Steven D. and Kimberley C. Pearson to Rebecca S. and Daniel L. Weaver, $1.31 million.

Wisconsin Ave., 5600, No. 1407-Terry Holtzman and estate of Mary Holtzman to Joseph E. Schwartz and Anne Weiss, $1.32 million.

Wyndale Lane, 7404-Joy M. Leong to Robert A. Vricella, $975,000.

CLARKSBURG AREA

Basswood Hill Dr., 23114-Sun Kyung Yu to Mouhamed and Fatou Dioum, $430,400.

Ebenezer Chapel Dr., 13070-Third Try Corp. to Manoj Maheshwari and Nitu Pasari, $515,000.

Pond Pine Dr., 12109-Rui P. and Jessica Torres to Yong Guo and Shangwei Liu, $435,000.

AD

Winding Woods Way, 22002-Clarksburg Village Corp. to Jeffrey Glenn and Venita Yvette Scott, $601,395.

CLOVERLY-EDNOR AREA

Cantrell Rd., 14400-Musawwir A. and Tasnuva Khan to Luis M. and Edgar C. Loayas Aguilar, $550,000.

AD

Redgate Ct., 2-Roger M. Brown and Karen Jayne Doswell to Deborah Y. Clark, $706,000.

DAMASCUS AREA

Biscayne Lane, 9904-Lawrence and Lindsay Haley to Jason and Amanda Oakes, $395,000.

Canvasback Way, 9958-Jessica M. McLaughlin and Mark R. Nettling to Yamila Medina, $249,000.

Middleboro Dr., 10812-Susan M. Hensley to Junmin and Xiaoxiang Zhang, $550,000.

Valley Park Terr., 25732, No. H-2-Jesus Arturo Parrau and Nicole Jennifer Hartwick to Caitlin Ann Caffrey, $259,000.

AD

DERWOOD AREA

Cliffbourne Lane, 17817-Estate of Joan B. Carpenter to Kyle M. and Lynn E. Erickson, $515,000.

Granby Rd., 6108-Florence M. Hallman and Patricia L. Boyer to Sonia Mundle Smith, $685,000.

Nutwood Ct., 7609-Alan J. Diamond and Carol Janus to Laddawan Thirachawalit, $375,000.

Wheat Fall Dr., 17521-John C. Vergelli and estate of Kathleen Ann Vergelli to Luis F. Retana and Betsy N. Lopez, $450,000.

AD

FOUR CORNERS-BURNT MILLS AREA

Brewster Ct., 314-Andrew J. and Kristin A. Schrader to Cheryl Ann Hurwitz, $653,000.

Dryden St., 1107-Laurie A. Yengo to Jodi Ilene Charles, $500,000.

Glenwild Rd., 10615-Arceli Bacsinila to Ashley Nicole Macon and Shauna Natasha Davis, $482,500.

Lowander Lane, 813-U.S. Bank and Legacy Mortgage Asset Trust to Yonas Nigatu Gurach, $440,000.

Saybrook Ave., 9308-Laverne H. Havelka to Deanna L. Wright, $504,000.

Sutherland Rd., 10003-Jared E. and Jennifer L. Gigliotti to Robert H. and Ashley S. Burch, $615,000.

GAITHERSBURG AREA

Barn Swallow Terr., 18728-Matthew and Shanna Bahen to James Michael Whalen, $276,000.

Fertile Meadow Ct., 18023-Rajeev and Gunjan Jain to Maryonne A.C. Snow Smith, $350,000.

Grosbeak Terr., 18632-Brian Williams to Dalicia Ashley Eschoe, $295,000.

Hummingbird Terr., 9235-JLG Investments Corp. to Marc D. and Brandon Riley Goldstein, $325,000.

AD

Lindstrom Ct., 17615-Alan R. and Jan Briddell Stevens to Jaime Romeo Valiente Gallegos and Ruth Fransoli Valiente, $325,000.

Pearlbush Dr., 7900, No. 302-Edward J. Maynes to Christine R. Kim and Ricky M. Zatz, $129,999.

Tulip Dr., 110-Ashley J. White and Christopher A. Sibrizzi to Aaron K. and Anna K. Serrano, $400,000.

GAITHERSBURG-NORTH POTOMAC AREA

Apple Blossom Way, 112-Wen I. Wear and Jack Pai Young Liu to Kannan Chinnasamy and Harita Kannan, $610,000.

Boat House Ct., 14-Qisheng Li and Jinwen Chen to Dun Liang and Sutan Wu, $771,000.

Chestertown St., 122-Scott V. and Sharon L. Nystrom to Andrew and Jaclyn Nicoletta, $882,500.

Clover Knoll Rd., 11925-Inge J. Caldwell to Eric Endicott and Heather Leeper, $515,000.

Curry Ford Lane, 208-Suntrust Bank to Francis Aning Boddom, $320,000.

Diamondback Dr., 506, No. 241-C.F. Sept Owner Corp. to Lok Wong Samson, $489,900.

Fenceline Dr., 12-Maureen Q. Ponce to Umesh J. Rajani and Purvi R. Desai, $380,000.

Helene St., 535-Blake E. and Ilene H. Godsey to Gary M. and Judith Lynn Katz, $809,900.

Kimberly Ct. W., 785-Perfect Homes Corp. to Summer G. Martinez and Daniel Francis Cumberland Jr., $535,000.

Linslade St., 724-Verna W. and Jerry C. Van Wert Jr. to Christopher Michael and Courtney B.K. Knaus, $800,000.

Orchard Hills Dr., 111-Mark A. and Joanna Green to Ebrahim Rajabtabar Darvish and Hanieh Ataei, $550,000.

Phelps St., 477-Rajesh Kumar and Anju Goel to Yang Liu and Yu Zhang, $624,000.

Quince Orchard Blvd., 882, No. 202-Xiaoyou Chen to Anisur Rahman Palash and Afia A. Jahan, $115,000.

Sylvan Glade Dr., 14440-Drew Evan and Ryann Leslie Morris to Shafiul and Mahabuba Alam Elahee, $1 million.

Water Oak Dr., 15105-Jai Raj Narain and Tara B. Rajan to Chawan Elliot Barnes and Sadaf Afkhami, $620,000.

GERMANTOWN AREA

Ambassador Dr., 13600-Hao Ping Chai to Hwei Chun Chou, $259,900.

Chalet Dr., 18140, No. 7-101-Hsiu Ling Hsu to Annette Richards, $178,000.

Dairymaid Dr., 13139, No. 103-Fang Xu to Bowen Yang, $155,000.

Esmond Ct., 27-Joseph Beall and Paul Yanoshik to Eric Robert and Keke Schuler, $308,900.

Lake Park Dr., 19918, No. 922-Sandra and Maria Pazmino to Augustina Boamah and Kwame Konadu, $310,000.

Lowfield Terr., 13413-Jasbir and Piari Singh to Mario and Janeth Andino, $345,000.

Martins Landing Dr., 18700-Stephen P. Macloud to Michael L. Tash, $284,500.

Moonwalk Ct., 18910-Chad and Amanda Berkhammer to Vitaly Avilov and Qi Zeng, $564,900.

Rayfield Dr., 19425-Juan A. and Isabel Galvez Salgado to Scott and Mignonette Petersen, $401,000.

Shipley Terr., 20209, No. 1-B-201-Hector A. and Jose Omar Andino Rivera to Hector Hermando Neira Herrera and Graciela Q. Neira, $180,000.

Summer Oak Dr., 11527-Mark M. and Megan A. Jackowski to Timothy R. and Alena Lynn Carter, $305,000.

Warrior Brook Dr., 19141-Zhengliang Bu and Lanlan Zhang to Robert Eugene and Danielle Ross Franklin, $409,900.

Winding Creek Way, 12041-Francoise A. Andre and Apostol T. Vassilev to Jibran Misbah and Farah Reyaz, $322,000.

KENSINGTON AREA

Brunswick Ave., 10700-Roy E. and Herlyth B. Clark to Thomas G. and Madison Dickinson Hendren, $550,000.

Flanders Ave., 5307-Silviu C. and Leana Cretu to Steven H. Ngo, $650,000.

Midvale Rd., 11120-Jerome Rossignuolo and Chu Chu Lan to Timothy Jerome White Jr. and Ghazal Parsa, $769,000.

Saul Rd., 4501-Jonathan George Mathis to Rosita Alyssa Baua Hermann, $699,000.

LAYTONSVILLE AREA

Flamingo Terr., 24340-James P. and Natacha C. Walsh to William Marshall Lee and Casey Christine Robertson, $380,000.

Lochaven Ct., 20924-Donna M. Marino to Michael Anthony and Leslie Susan Gladu, $625,000.

Watkins Rd., 9631-Suzanne and Donald L. Diddle to Scott D. Parello, $480,000.

Woodfield School Rd., 25130-Joseph Allen and Cheryl Peters Wyatt to Patricia and Terry Nichols, $635,000.

MONTGOMERY VILLAGE AREA

Brassie Way, 9620-Shannon Frye Robb to Richard Pineda and Alicia D. Valle Toledo, $199,900.

Copps Hill Pl., 18124-Fabiana I. and Ismelda Gaona to Marco Antonio Uceda Juica, $225,000.

Hellingly Pl., 9728, No. 203-Anthony Malek to Nicolaas Johannes Van Staden, $114,000.

Mills Choice Rd., 19023, No. 4-James I. and Tuanhwa H. Cheng to Leo Stanley and Konika A. Rodriguese, $130,000.

Ravenglass Way, 8732-Patricia M. Benjamin to Nicolas E. Quinones, $195,000.

Sterncroft Ct., 20504-Jesus Huaman and Frida Mojonero to Ketty E. Peraza and Cristofer Adalverto Gonzalez, $238,500.

Transhire Rd., 19551-John Charles Marshall to Laurel Foster, $240,000.

NEW HAMPSHIRE ESTATES-HILLANDALE AREA

Hedin Dr., 9809-Clifford H. and Sandra Ivery to Saleela and Shailesh Kumar Sharma, $416,500.

NORBECK-LAYHILL AREA

Bel Pre Rd., 3750, No. 11-Andrew and Paulette M. Ladas to Marcos R. Tamayo Olivier and Carla A. Luis, $92,500.

Camellia Dr., 12813-Gary and Elizabeth M. Gilliam to Erica S. St. Louis and Herbert Russell Frisby III, $475,000.

Edelmar Terr., 3612, No. 127-A-Woodrow W. Hancock Jr. to Alice C. McGurty, $241,500.

Greenery Lane, 2308, No. 302-13-Federal National Mortgage Association and BWW Law Group Corp. to Rasheda Akter and Nazifa Tazrian Munia, $189,900.

Innsbruck Ct., 14420, No. 3-AB-Steve J. Chaney to Francisco N. Hernandez Savinon, $185,000.

Interlachen Dr., 15101, No. 1-414-Estate of Barry Friedberg to Ann M. McDowell, $280,000.

Island Creek Ct., 3423, No. 132-A-Robert S. and Emilene Werner to Katherine L. and Thomas G. Bugenhagen, $468,000.

Leisure World Blvd. N., 3200, No. 619-Cindy Ann Gilman and estate of Freeda S. Wolf to Gail Roe, $404,000.

Leisure World Blvd. N., 3330, No. 5-915-Roger D. Feldman and estate of Gertrude Coburn Feldman to Val S. and Judith Sasmore, $152,500.

Ludham Dr., 3209, No. 193-A-Edward A. Perron to Sherry Lynne Stargel, $315,000.

Nordic Hill Cir., 1651-Kenneth Cutler and Wioleta Laska to Eugenio J. Aleman and Maria C. Vassallo, $494,000.

Redspire Dr., 13302-Dale and Lilyan Kang to Hoang M. Nguyen and Mai X. Huynh, $825,000.

Weller Rd., 2604-Luciano and Lidia DiFranco to Tena Gebretsadik and Hana Wondimu, $450,000.

OLNEY AREA

Buehler Rd., 17816, No. 1-B-2-Luis Anthony Jaramillo to Peter J. and Joseph Toller Leicht, $125,000.

Gelding Lane, 3811-Michelle R. Cascio to Paulina M. Kozorosky, $373,000.

Overwood Dr., 17804-Maurice L. Vekeman Jr. to Nicholas Domenico Richards and Jennifer Steiger, $472,500.

Shadowridge Terr., 18606-Cynthia L. Dunn to Seble Abebe and Mulugeta T. Fisseha, $421,000.

POOLESVILLE AREA

Hughes Rd., 17300-Jeffrey Dayton and estate of Leona J. Nelson to Jesse Ryan and Jennifer Loznak, $443,500.

Spurrier Ave., 19812-Randolph C. and Nancy L. Halphen to Stephen and Angela Amanda Trice, $430,000.

POTOMAC AREA

Bartonshire Way, 1294-Donna R. Foley to Laurence Wade and Sarah Maria Tivnan, $710,000.

Betteker Lane, 9905-Patrick D. and Mariella V. Young to Yan Zhang, $680,000.

Brushwood Way, 13149-Jennifer M. Whitlow to Jeffrey T. and Michele Molyn Napoliello, $1.73 million.

Cambridge Manor Ct., 9237-Kathleen J.S. and Stevan A. Varga to Sean Wesley Hiapo and Jill Renee Olson, $1.82 million.

Conestoga Way, 9708-RBL Ventures Corp. to Kevin Kyuhong and Yoojin Choi, $930,000.

Democracy Blvd., 10240-Barbara and Gerard P. Champaloux to Ejike Asiegbunam, $1.8 million.

Fallsmead Way, 1203-Wai Keen Chung and Junqing Liu to Colter Thomas and Alana Wase Bell, $753,000.

Inverness Ridge Rd., 8145-Donna F. Panagos to Xun Sun and Linnu Cao, $560,000.

Lloyd Rd., 10325-Mark B. and Donna Tasso Johnson to John K. Wilson and Katherine J. Scoville, $829,000.

Milbern Dr., 11612-Sheshagiri Rao and Kusum A.R. Kalavar to James P. and Calie B. Lillis, $735,000.

River Falls Dr., 8304-Edward J. and Elizabeth C. Hudson to Blair Alexander and Elizabeth Goergen Silver, $1.4 million.

Stratton Dr., 2001-Michelle L. Snyder and Jonathon S. Colton to Ira S. Miller and Allison Buchman, $775,000.

Turnberry Dr., 9472-Paul A. and Susan L. Commander Samakow to Virun Lee, $880,000.

Willowbrook Dr., 11137-Pei Ying and Diana H. Chen to Kevin P. and Angela R. Murphy, $1.09 million.

ROCKVILLE AREA

Azalea Dr., 868, No. 21-Prashant and Quenie Thi Nguyen Goswami to Ehud Inbar, $350,000.

Barbados Pl., 5916, No. 59-Trudy Bernstein to Ari Payes, $399,000.

Boiling Brook Pkwy., 4722-Andrew J. Horos to Mohd Sulaiman and Moska Hakimzada, $390,000.

Brentford Dr., 5109-Joseph C. Werner to Jimmy Su, $365,000.

Charles St., 335-Leqin Shi to Patrick Jose Raminhos, $317,000.

Dundee Rd., 2002-Tian Zhou to Peipei Hu, $515,000.

Ertter Dr., 4904-Steven T. and Karon C. Martinez to Christopher A. Yen and Luyao Zhang, $590,000.

Gaither Rd., 1017-Morgan Chiu and Hsiaofang Yeh to Gregory and Dorothy Yahr, $525,000.

Glenmore Terr., 2267-Lawrence G. Lazar and Leilei He to Natalia Komissarova, $765,000.

Linden Square Ct., 5804, No. 41-Karla Olsen to Andrea Basdekian, $535,000.

Luxberry Ct., 9, No. 4-Shulamith B. and Donald D. Weisman to Michael Anthony O’Sullivan and Janet Rae Fox, $570,000.

Monroe St., 114, No. 302-Yuri Berman to Gennadiy A. Pavlyukovets and Natallia S. Kotseneva, $235,000.

Old Georgetown Rd., 11710, No. 1226-Scott Christopher and Alina Elizabeth Hotaling to Majid Majd, $325,000.

Paulsboro Dr., 957-Heather A. Mulloy to Nurgul Gelic, $495,000.

Rolling House Rd., 11327-Ira B. Mirsky to Thomas and Ola Chen, $850,000.

Rose Ave., 930, No. 1906-Pike & Rose Condominium Inc. to Melony and Robert Muller, $479,900.

Strathmore Park Ct., 10400, No. 303-Steven D. and Laurie J. Macht to Gerard E. and Germana B. Mitchell, $800,000.

Topping Rd., 4704-Ryan M. and Angela H. Harper to Bradly M. Bauman and Kristen Elmezzi, $470,000.

Warfield Dr., 618-Kevin Frederic and Cynthia Jo Brooks to Lucy Angela Carone Elliott, $650,000.

Wickshire Way, 11020, No. A-5-Corey and Emily Baker to John Carlos Wong, $625,000.

SENECA PARK-CEDAR GROVE AREA

Amber Ridge Cir., 12031-George A. and Traci D. Crawford to Adam Shuaib and Amanda Stegmiller, $350,000.

Bent Creek Terr., 11318-Jill R. Freund to Belinda B. Nyarko, $350,000.

Owls Nest Cir., 21255, No. UN40-Seung H. and Hannah Weerae Lee to Fenton G. Dobard Jr. and Alicia R. Tellis, $355,000.

Royal Crown Dr., 12509-Brian and Irina Mitchell to Swayne J. Singh and Tigest Eyasu, $500,000.

Sojourn Ct., 21003, No. 33-Janice A. Thomas to Vernette V. Vernon, $280,000.

SILVER SPRING AREA

Cassedy St., 2737-Melinda Campos and Gloria Zagorski to Daniel J. Zarin, $627,500.

Easley St., 701-Gunnar Grodsky to Ahmed and Nihad Fawzy, $1.34 million.

Kingsbury Dr., 9105-Stanford D. Gillis to Gregory S. Avicola, $630,000.

Russell Rd., 9411-Paul Skafte to Samuel R. Gilbert and Erica E. Eisenman, $665,000.

Washington Ave., 2207, No. W-203-Amy T. and Jason R. Barnard to Beatriz Rodriguez, $280,000.

Second Ave., 8926-Tage Jacob Rainsford and Danielle Nichole Bird to Jason David Schellhardt, $735,000.

TAKOMA PARK AREA

Carroll Ave., 7342-Keith A. and Sara Mercedes Allen Sieverding to Alfred Clarence and Claire Joanna Bertrand, $715,000.

Hudson Ave., 601, No. 312-Leslie Charles and estate of Judith Ann Hobbs to Clara Ines Vargas, $175,000.

TWINBROOK AREA

Debeck Dr., 1004-Laura S. Johnson to Isabelle Raquin and Jonathan Honigman, $482,000.

Gilbert Rd., 1003-Richard and Debora Branthover to Jordan A. Stubbs and Carol Oser, $370,000.

Lemay Rd., 5935-Andrew J. Wilks and Edward H. Walker to Rajeev and Sandra Purohit, $448,402.

Rockcrest Cir., 30-Kevin William Green and Kimberly Pisabaj to Gibran Shaikh and Zuha Moin, $485,000.

WHEATON AREA

Bluff Terr., 101-Benjamin Scott Sammon to Connie Lynn Bacon and John Patrick Andrews, $535,000.

Cone Lane, 11004-Dorothy S. and John J. Crnkovic to William Henry Washington Jr. and Keshni Naicker, $400,000.

Georgia Ave., 9806, No. 22-301-John Justin Gradowski to Deborah Meetze Hinton and James Reid Rowlett, $230,000.

Hardy Ave., 2814-Andreas P. Gelner and Adrienne J. Capkovic to Endalew K. Delegassa and Eleni G. Dinkalem, $366,000.

Imperial Dr., 1702-Laura L. Letson to Matthew O. Spencer and Greta Claire Harman, $499,000.

Lamberton Dr., 800-Robert H. and Angela C. Liberman to Moshe B. and Melissa Broder, $660,000.

Lovejoy St., 11803-Yossi Alkoby and Judith Meira Gershater to Scott Weinberg and Julia Ashkanazy, $522,500.

Woodland Dr., 9900-Sara A. and Angelique J. Willis Hilbrich to Matthew G. Dean and Deborah A. Williams, $525,000.

Frederick County

These sales data recorded by the Maryland Department of Assessments and Taxation in August were provided by Black Knight Inc. For information about other residential real estate transactions, visit washingtonpost.com/homesales.

ADAMSTOWN AREA

Mount Ephraim Rd., 1888-Tom P. and Maureen T. Lapsa to Lindsay Turner Johnson, $725,000.

BRUNSWICK AREA

Crums Hollow Dr., 801-David M. Kilpatrick to Kenneth V. and Krisztina Baglyas Janosko, $413,000.

Orndorff Dr. W., 134-Kelly A. Watson Huffer to Matthew and Cheyenne Smith, $170,000.

Virginia Ave. N., 12-Jeff and Sam Edgin to Karen P. Orens, $280,000.

BUCKEYSTOWN AREA

Keller Lime Plant Rd., 6787-Charles M. and Julie N. McGuffin to Joseph Brooks Gatewood, $339,000.

BURKITTSVILLE-JEFFERSON AREA

Camden Dr., 4105-Larissa Lefebure to Joseph and Elizabeth Longo, $347,000.

Pecan Ct., 3445-Gerard J. and Shirley L. Long to Jonathan H. and Lori M. Paquin, $459,900.

EMMITSBURG AREA

Huntley Cir., 1325-Allen Ambush to Skylar D. Poole and Megan S. Degrange, $320,000.

FREDERICK CITY-ADAMSTOWN VILLAGE AREA

Avonshire Pl., 5620, No. D-Paul Werking to Lai Thang and Kippar Van, $183,000.

Black Creek Lane, 7203-Michael T. Malafarina to Rachael Hallyburton and Patrick Koogle, $278,000.

Clifton Rd. S., 6205-Eric Seth Epstein to Rusty J. and Nancy J. Mikulas, $235,000.

Duke Ct., 5184-Taruan D. and Daphne S. Matthews to Damien Lamont Ricketts, $210,000.

Essex Pl., 518-Marijka A. Grey to Mary Joe Bayley, $191,500.

Granville Ct., 6638-Mandy Schall McAteer to Jason W. Brinkley, $285,000.

Hollyberry Way, 590-Eric J. Miller to Lasker N. Ahmed, $198,000.

Jefferson Blvd., 6624-Payton M. and Bethany L. Reid to Harry Russell and Sandra Sessa Lashley, $515,000.

Killdeer Ct., 6737-Brett A. and Caitlin E. Vanorsdel to Ryan Hopkins, $245,000.

McGrath Pl., 6631-Calli Marie Rooney Lear to Nestor Arnoldo Nunez and Elizabeth A. Holden, $295,000.

Old Swimming Pool Rd., 4902-Walter L. Hepker and Rebecca G. Full to Brian P. Howie, $314,900.

Rivendell Pl., 5583-Marc Aaron and Christine Apolito to Sheila R. Bonney, $282,000.

Small Gains Way, 4949-Steven C. and Jessi D. Barmoy to Luis Banoscare, $322,000.

Sweet Bay Ct., 5775-Katherine C. Kelley to Jennifer Lynn Buckley, $209,900.

Timberwolf Dr., 1415-Linda Greenberg to Omar Adonay Mendez Carias and Tylyn A. Medrano, $368,500.

Walcott Lane, 6511, No. 102-Jaime Thompson to Darla H. Alterescu, $226,900.

Wood Duck Ct., 6770-Nathan A. and Jessica R. Vanhouten to Jianyong and Xiuqin Gao, $224,400.

FREDERICK CITY-LIBERTYTOWN AREA

Baldridge Cir., 6140-Steven B. and Kendall Klosky Tiffany to Erica F. and Anthony N. Cooke, $282,000.

Bear Den Rd., 2563-Ronald L. Mallow and Robin N. Gordon to Todd and Gail Fineberg, $389,900.

Bridgewater Ct. W., 9402-Razvan A. and Jennifer Simonica to James and Lauren Ji Kim, $409,900.

Catoctin Ave., 209-Joseph M. Shoemaker to James E. Rippeon II and Aimee Leigh Rider, $237,500.

Church St. E., 217-Katie A. Pribyl to Dianne Dain, $555,000.

Derrs Ct., 1800-Jason R. and Kathleen A. Sepanic to Michael A. and Evelyne Anzick, $380,000.

Dogwood Dr., 1604-Daniel W. Trombetta to Paul Fritz, $305,000.

Egret Way, 2625-Tracy Tucker and Kathleen Martin to Sean Gibson, $315,000.

Greenleese Dr. N., 1801-Jeffrey T. and Kari B. Enama to Zachary Alan and Courtney Marie Davis, $424,000.

Holden Rd., 832-Calatlantic Group Inc. to Joshua Adam and Sarah Anne Loftus, $497,473.

Jubal Way, 926-Phineas Cornell and Sharander Lakilia Jackson to Edmond D. Fuentes, $260,000.

Lamp Post Lane, 2213-Sean M. and Amanda M. McWilliams to Shayna L. Scott, $290,000.

McMurray St., 104-David W. and Kathryn L. Humphries to Jennifer A. Wilson and Lesley J. Vandever, $270,000.

Mill Island Pkwy., 3030, No. 310-Joseph A. Alexander to Judith Westbrook, $327,000.

Palatine Dr., 3000-Wormald Development Co. to Joan T. Reilly, $473,900.

Quay Ct., 7984-David H. Shiben to Jamaal Anwar Jones, $220,000.

Sherman Ave., 304-Tarah M. Zuniga and Edison Zuniga Sanchez to Amanda N. Barrientez, $216,000.

Springwater Ct., 6509, No. 6401-Jennifer Bolling Laggini Palmer to Annie Walker, $190,000.

Stoners Ford Way, 3025-Lorraine J. Stoltz and Marsha D. Flowers to David F. and Jeannie R. Knollman, $462,000.

Village Square Rd., 2231-Debra A. Bowman to Janet Jenkins, $333,500.

Wheyfield Dr., 1618-Michael G. and Linda J. Murray to Michelle Garrett, $286,000.

Fifth St. W., 235-Rachel E. Kavanagh to Brian Patrick Walsh, $239,000.

FREDERICK CITY-MOUNTAINDALE AREA

Andover Lane, 1636-Roberto Serpas Salmeron to Justin A. Mawdsley and Carol L. Paulson, $282,400.

Boulder Rd., 9404-Sabrina Elizabeth Smith to Ivan and Kensy M. Alvarenga, $235,000.

Buell Dr., 93-Anthony and Melinda Hite to Blyden Bonar Jr. and Nancy Kobe, $250,000.

Catoctin Ct., 2500, No. 1-2B-Timothy L. and Terri J. Cannon to Chengkai Dai and Yishu He, $170,000.

Coach House Way, 2508, No. 1C-Chris A. Turner and estate of Barbara A. Salt to Karen M. Cappolella, $185,000.

Dominion Dr., 2406, No. 2C-Daniel L. and Tama R. Plombon to Patricia A. Lawton, $176,500.

Ellsworth Way, 2408, No. 2A-Frank E. Warner to Amy Haggerty, $164,000.

Fox Hunt Lane, 8223-Thomas E. and Kathleen E. Igo to David Michael and Joli Naomi Chism, $441,500.

Heather Ridge Dr., 416-Wayne Deyton to Joseph S. and Gillian A. Kulina, $125,000.

Jordan Valley Way, 8329-Richard W. and Linda S. Revolinsky to Edwin and Jackeline Cartagena, $470,000.

Livingstone Terr., 9-Amanda M. and Joyce A. Zimmerman to Kenyan L. Summers, $219,900.

Millstream Dr., 1844-Embrace Home Loans Inc. to Jasbir Singh Matharu, $205,000.

Runny Ct., 7002-Anthony S. and Jennifer J. Kokoskie to David W. and Kathryn L. Humphries, $340,000.

Shelley Cir., 2508, No. 8-Mark and David Degirolamo to Elinor J. Rouff, $189,000.

Timber View Ct., 244-L&A Holdings Corp. to Kyle L. Georgius and Lauren N. Hicks, $280,000.

Wilcox Valley Dr., 2053-Tiffany A. Glover and Tracy A. White to Michael R. and Ruthann McFadden, $409,000.

GARFIELD AREA

Loy Wolfe Rd., 13500-Richard M. Pryor to Trystin R. and David H. Alexander, $450,000.

IJAMSVILLE AREA

Melbourne Pl., 7503-Paul D. and Susan L. Manny to Michael A. Chlebda, $565,000.

Shel Mar Dr., 1907-Barry Edwin and Sharon Joy Wagman to Jose M. Cambron Espino, $510,000.

LIBERTYTOWN AREA

Liberty Rd., 11920, No. 204A-Richard Lee and Heather L. Rippeon to Brittney Nicole Rowse, $126,000.

MIDDLETOWN AREA

Boileau Ct., 3-Gary and Sharon Diane Gregoire to Connor R. and Brenda L. Smith, $225,000.

Feldspar Rd., 4630-Brian T. and Lisa A. Edwards to Jason Robert and Allison Jacob Jachowski, $480,000.

Myersville Rd., 8620-Arthur D. Tringali to Jason B. and Patricia M. Leffson Nalley, $355,000.

Springbrook Ct. E., 7311-David T. and Mary E. Sweeney to Anita L. Bright, $192,296.

MULLINIX AREA

Autumn Ridge Ct., 902-Robert H. and Terri L. King to John F. and Jessica E. Fisher, $452,500.

Foggy Bottom Ct., 13887-Delores A. and Theodore L. Schwartzbeck to Virginia Elizabeth and James Arthur Lagger, $442,000.

Mitchell Ct., 13904-Luke Tanner and Beth Mitchell to William J. and Jessica M. Walker, $648,000.

Streamview Ct., 6204-John and Barbara McIntee to Steve Kelbaugh and Suzanne Shipley, $499,900.

MYERSVILLE AREA

Hunters Knl., 1007-Jay Eric Rhoderick to Jeffrey and Lisa K. Gottlieb, $610,000.

NEW MARKET-LAKE LINGANORE AREA

Beach Dr. E., 6617-Daniel B. and Kellie C. Ganoung to Charles J. Franco Jr. and Leslie Wang, $255,000.

Country Club Rd., 11233-Gary and Sharon Witt to Anthony Paul and Stefanie E. Lavin, $455,000.

Fox Chase Rd., 6925-Raymond J. and Cynthia A. Geraghty to Matthew and Shanna Bahen, $400,000.

Isaac Russell St., 534-New Market Residential Corp. and Oak Hill Properties Corp. to Sean A. and Kristen L. Chaffman, $520,000.

Meadowlake Rd., 6933-Lisa Hamlin and Brian St. John to Andrew Spangler and Jennifer Hake, $495,000.

Richard Roberts St., 400-New Market Residential Corp. and Oak Hill Properties Corp. to Nila Via, $520,000.

Shalom Ct., 10003-MS Aspen North Corp. to Brad Michael and Courtney Renee Bahr, $500,990.

NEW WINDSOR AREA

Wildrose Ct., 15610-Timothy L. and Deborah A. McQuay to Kenneth Eugene and Elizabeth Ann Lamb, $347,500.

ROCKY RIDGE-CREAGERSTOWN AREA

Motters Station Rd., 14619-Bernard J. and Dawn Marie Hobbs to Zachery Bryan Fritz and Heather Michalena Pozzouli, $269,000.

THURMONT AREA

Moser Cir., 224-William D. Shadle and Brooke N. Hildebrand to Minerva Carrasquillo and Alex Vazquez, $196,000.

Stoney Mine Ct., 3-Corey A. Totten to James R. McGrady, $299,900.

Utica Ct., 10849-Thomas J. Ledwell to Brandon M. Smith and Ashley A. Brown, $475,000.

URBANA AREA

Bartonsville Rd., 5817-Landmark Investment Properties Corp. to Michael Kevin Walsh and Sheryl Anderson Fast, $285,000.

Belvedere Dr., 9099-Wilmington and Lehman XS Trust to Naseer Nayeem and Huma Hakim, $565,950.

Buckeystown Pike, 4310-Jonathan M. and Elisabeth C. Clinton to Leslie Curtis and Mitchell R. Poe, $500,000.

Dunraven St., 9443-Greg A. and Elizabeth G. Warner to Dale Anthony and Linda Marie Urlacher, $400,000.

Hawk Ridge Rd., 5518-MS Gladhill Farm Corp. to John Austen and Corinne M. Carter, $484,960.

Kenway Lane, 9148-Damian and Eboni Williams to Adrian A. Dragulescu and Christina Masterman, $420,000.

Pine Bluff Rd., 8415-MS Gladhill Farm Corp. to Thomas D. and Eileen M. Lantzas, $470,000.

Singleton Terr., 3717-Mihallaq and Brunilda Dhima to Melissa C. Altieri and Patrick J. Wenzler, $370,000.

Urbana Pike., 3625-Robin Michael and Christine Rochelle Reeder to Shuang Guan, $350,000.

Wyndham Dr., 9752-William M. and Tina J. Cullum to Shawn I. and Juliet D. Hossain, $589,900.

WALKERSVILLE AREA

Discovery Blvd., 8526-Healthy Homes Corp. to Stephen J. Green and Janet L. Brumer, $195,000.

Old Island Ct., 202-James F. and Shelly L. Mullen to Sabrina E. Smith, $447,000.

WOODSBORO AREA

Coppermine Rd., 11207-Bradley W. and Amber L. Seiss to Anthony and Charlene Bishop, $615,000.",police stated that-- chung has been on the run .,0.6851752,14,0.685,0.685,middle
10,430,"quotes from leaders , family at mandela memorial","stop for a moment , as if out of uncertainty or caution .",0.70285296,17,0.703,0.703,middle
11,459,syria envoy calls for national unity government,Two kids are looking up at the camera and one is sticking out his tongue,0.7179308,15,0.718,0.718,middle
12,508,A cute puppy is repeatedly rolling from side to side on its back,a tiger is walking around .,0.74340713,10,0.7437,0.7437,middle
13,534,a dog jumping into a swimming pool .,A light brown dog is running up a street,0.75692457,10,0.7573,0.7573,middle
14,553,Three men are jumping off a tall wall,A few horses are racing furiously over the green grass and jumping the obstacle,0.76680493,16,0.767,0.767,middle
15,616,A man is mixing,A man is playing drums.,0.7995584,7,0.8,0.8,middle
16,643,to catch in or as if in a trap ; immobilize,the act or means of getting rid of something .,0.81359094,11,0.8135,0.8135,middle
17,686,"oppose or approach , as in hostility or competition",take or have a position relative to others .,0.8359547,11,0.836,0.836,high
18,724,The man is slicing potatoes,a man is slicing a leave .,0.85570383,13,0.856,0.856,high
19,767,The brown animal is jumping in the air,A brown and white dog is jumping in the air with a tennis ball in its mouth,0.87204826,18,0.872,0.872,high
20,790,a white and black dog is jumping into a pool .,a dog is looking into swimming pool .,0.8759828,10,0.8765,0.8765,high
21,854,the black dog is running on the grass with a toy in it 's mouth .,A dog with a ball is being chased in the grass,0.887614,13,0.8877,0.8877,high
22,903,A man with a top hat riding a white horse.,A man wearing black formal wear & a black top hat is riding a white show horse.,0.9032205,22,0.904,0.904,high
23,927,the health department spokesperson added the department is following centers for disease control protocol .,knox county health department is following national centers for disease control and prevention protocol to contain infection .,0.91079354,21,0.911,0.911,high
24,983,a man is slicing potato .,A person is slicing a potato.,0.96599746,11,0.966,0.966,high
