sentence_id,text,normalized_original,source_row_first_seen,source_cluster,source_cluster_distance
00c169af5b1c7d043d01f1f816236558810cd666dc040ad84c693a658023521a,it has the effect of augmenting the potency of the big countries to the detriment of babies .,it has the effect of augmenting the potency of the big countries to the detriment of babies .,374,2,0.61227816
03575350b821f30ac63476046c1d0e55f9eafd5a9f10c9270b675a959bdffa05,more deaths expected in canada oil train explosion,more deaths expected in canada oil train explosion,645,4,0.46811056
0388ebac91f655e458fafff6a4974ecae2399362df179b9b5b2fcce8dba52220,A man is getting into a car,A man is getting into a car,448,0,0.5786913
04213ed15da91a7124a4da9c5b2a814f006b5b7e68c430fa568319bc1882f553,your top 10 flu questions answered,your top 10 flu questions answered,117,2,0.6014281
043d1949fef95bafbdedaca5c70cdb979b2bc036e02f933321e9d2e213b7b29b,The woman is putting makeup on the man,The woman is putting makeup on the man,559,0,0.55903506
04ffdaa937255932ba92b733ce09ec73db358c9dc0f2dd6ada6e133aaeed495a,young redheaded man holding two bicycles near beach .,young redheaded man holding two bicycles near beach .,392,0,0.58251566
05ef0b9bf726b2c4dd346e7eb171f7a0e8606e3dce30acb32384237465b274f2,palestinian prisoners arrive at muqata in ramallah,palestinian prisoners arrive at muqata in ramallah,428,2,0.56309915
0790e08ad2f5c8ee7c1183f6d19d859314d1859715fcd931bd1be7b06dcf2ed2,"that said , i would caution against the attempted use of proof by anecdote here to prove the effectiveness and validity of the concealed carry laws .","that said , i would caution against the attempted use of proof by anecdote here to prove the effectiveness and validity of the concealed carry laws .",390,1,0.5843785
07d32f20d2386930b1d8c3fccabaf093094f22edc55c45c32495bea5967ccb6b,syria envoy calls for national unity government,syria envoy calls for national unity government,459,2,0.5073788
084b6efb1a2b06104c70a6855c4f50e65bce2ab3c9bb84edb212532118b2cd1e,algerian president in france for medical tests,algerian president in france for medical tests,441,2,0.51034826
08c35c4fac722e121e36492c293c26a9751233e65fed2adc2bcd0a584b1f7683,A woman is water skiing.,A woman is water skiing.,154,6,0.63220996
0be5f8de1a2df4a38464284ef8dc9b782d78d045ad9312bd3e46c7cb41d0e4c5,dining room with wooden dining table set with playmates .,dining room with wooden dining table set with playmates .,305,0,0.55730665
0dabfc6a5de663ac63cf8964d79e66ce92918b9db0a2ab7f7cfdda14963c998c,"several different ways of computing these values , also known as ( term ) weights , have been developed .","several different ways of computing these values , also known as ( term ) weights , have been developed .",13,2,0.57124746
0f080b59b66c20dfccac7391eab1122625e660475a72095312b67bfa95fb7185,There is no girl brushing her hair,There is no girl brushing her hair,77,6,0.48786506
1060b405ece1a2b520dc3c94e9c8c480a2dc93734a0f058c244831e96c4df9df,"you just have to base your answer on what you do know , which is what you want .","you just have to base your answer on what you do know , which is what you want .",100,1,0.57320726
10f6f3a731d5329ab9f1e52f3496589139e7c6f3b7597d3ac21ac015ad2f7eec,Two dogs are playing on a sandy beach,Two dogs are playing on a sandy beach,90,5,0.57498616
1435d048d13d1d00ef07757622416cd37a142de23b93ab08e67f67b5a717a0eb,to catch in or as if in a trap ; immobilize,to catch in or as if in a trap ; immobilize,555,1,0.46819943
147524a26f0cfe5244756cc6f704e2228449b39f82c31834c9ffa045bf466774,a large passenger jet flying close to the ground .,a large passenger jet flying close to the ground .,924,5,0.54368126
165bbb51b45e82d2ee6e54538cb4f68f81bd50ad7cfb214e5d65a7f1ad85a8d2,four women and two men sit at a long table in a restaurant .,four women and two men sit at a long table in a restaurant .,203,0,0.57618403
170c93930185ee6cdab21ad28745643c8eff966c3e0b86dc2ba7cbc95f598f8b,car bombing kills 53 in damascus,car bombing kills 53 in damascus,600,4,0.48358688
17dff8993bb67556e367e65dc4a09ae1bca1c2485d5ff079fe75dff2c34d8e75,A skunk is looking here and there.,A skunk is looking here and there.,573,5,0.49834886
1918c1e38a76379ee9e02052e97a47abb48b0e4600305c2ebd15c19fc979f9d8,police stated that-- chung has been on the run .,police stated that-- chung has been on the run .,396,4,0.5756164
1ad08e0f98a9d13e7e01364157530a04251226910e58ab81eb296e17461394f3,a man sits on a bed very close to a small television .,a man sits on a bed very close to a small television .,757,0,0.53481907
1c53b6795e0f7b29d6b26f32af2c46b2670949667153f98800ac0e88ccceab28,A dog is missing the ball in mid air,A dog is missing the ball in mid air,360,5,0.52829176
1cc1ca73b17eb5156b307df04c67f24481e2f17038a741bac10e246d981e0520,south african icon nelson mandela hospitalized,south african icon nelson mandela hospitalized,330,4,0.52630264
1f913b4aab4764734adb95fcbdac8b7f35e101d23fe7632f604171332a3cc2a1,A man is massaging a woman,A man is massaging a woman,627,0,0.5451119
20cac860c1eca2449a8731dea6cb3daf920dcd8c51cf5f08821a26c6d36f5169,a man is applying butter to bread .,a man is applying butter to bread .,465,0,0.5726652
20fb833d7680f5f9d8ea92104f178df4e1852a3969be5fa1b4872546f22ac956,government initiatives to disarm have been ineffective .,government initiatives to disarm have been ineffective .,516,4,0.6034619
21bff9a7afe9a771dddcbb459fe77174c70e920dcff3601c61e0379a5de0fe38,a small white and brown dog is jumping over a horizontal pole .,a small white and brown dog is jumping over a horizontal pole .,232,5,0.5188152
22afb7781df9fa80d3896b5c23e3f87b8e4ba83f18955afc57022dd8824de90e,the activity of supplying or providing something .,the activity of supplying or providing something .,677,1,0.5168205
25463ba033ddb56e4e6e6f7e1ef320d2235a1d84ead9461adae14e807870608b,a man and a woman walk through the woods .,a man and a woman walk through the woods .,693,0,0.6033116
256c7840743621eb450af7326c685e68f0c57fda819afdcf0e395b7f32a4561e,"change the key of , in music .","change the key of , in music .",317,1,0.5420464
266b191642fefe7be3fc209e80a0f8005f9d95105cb0f4e2f584deca33065bca,A boy is eating a cupcake,A boy is eating a cupcake,56,0,0.6819774
26c3fa7618bd7b05a9d85e16d987fc5fd2cdb46df456503e3b2daed0335339d3,"more than 10,000 people , most of them civilians , have been killed in three decades of insurgency .","more than 10,000 people , most of them civilians , have been killed in three decades of insurgency .",600,4,0.50731736
26d9b2c95439a61826b22acd6393c068f501ca866deaa948c4e695f9a93440a5,a man and woman are talking .,a man and woman are talking .,627,0,0.50509155
283e24e33f814bc5c831493fc51e141e622d31426caeb99b9720e220a9e97cba,a mostly black train on a track .,a mostly black train on a track .,263,5,0.5384774
2984f5e1f8b0f604a8f9a5f208cfe26ce9c386226ec8d656a6e7a815ec8adadd,a man is making a speech at the podium .,a man is making a speech at the podium .,234,0,0.6159153
2a6a3e0ed0070a8f5eb161cbad04756b82600ede73699ac7b6657fe30d9be7b1,blast kills 10 young girls in eastern afghanistan,blast kills 10 young girls in eastern afghanistan,815,4,0.47386965
2b8709d53dc600c9aeb01512f8268393b232b7a486da494a3174137eea65150c,"tragic . my thoughts and prayers go out to all ... "" at least 220 killed in brazil nightclub fire ""","tragic . my thoughts and prayers go out to all ... "" at least 220 killed in brazil nightclub fire """,577,4,0.46281543
2b9ea3e61aba3204641580469d3285425b0296027deb61706ac34d9637b03617,a solid piece of something ( usually having flat rectangular sides ) .,a solid piece of something ( usually having flat rectangular sides ) .,555,1,0.53241104
2cf7a7600ad747406442882cb3543362e4f5e916529ce97e582f3d1c79319d42,a black dog looking at the camera .,a black dog looking at the camera .,870,5,0.49019969
2d0339d1b0c652bfdd6efc238ca240e69fece090e3cf23f94a833ab2110f5b75,The boy is not playing the piano,The boy is not playing the piano,307,6,0.446543
2e423eca8f84d88d5f8058e296a9c01a210b5b6f906f5715aa76a01864424258,"about 22 % of twentysomethings are obese , which is roughly 30 pounds over a healthy weight .","about 22 % of twentysomethings are obese , which is roughly 30 pounds over a healthy weight .",317,7,0.6280357
2ef82234a69806b5d40f7a1808cb0c28a287d6b0a97e66077f3a1cd23c4e5160,The boy isn't playing the piano happily,The boy isn't playing the piano happily,457,6,0.5753646
2f0eaa4b14647f96f0e7e69c8cf7ed7c0c09c8fb28f7e54bdad76ab4a4f4f260,utter in a certain way,utter in a certain way,862,1,0.42433983
2f70ea4925424275174982bcf2c7ca82fd89613e88696201b9d9ef4fc369e35f,photos : fires across australia,photos : fires across australia,205,4,0.53884566
3118586f77ebde85d1d82f876c232d471eef69f6063122a2fba6f61381b4257c,death toll rises in russia plane crash,death toll rises in russia plane crash,623,4,0.46439853
3171f638b3c2599cab260b99481490e91080ef1066224dfd388be22756609b69,"shares of tampa-based outback steakhouse inc. closed at $ 44.50 , up $ 1.78 , or 4.2 percent , on the new york stock exchange .","shares of tampa-based outback steakhouse inc. closed at $ 44.50 , up $ 1.78 , or 4.2 percent , on the new york stock exchange .",730,7,0.4305489
31bf27c92483700627d32d78fd3042d7e7e19b5418795b71509b4ebdba68532f,"the u.s. , other western nations and nato condemned the violence .","the u.s. , other western nations and nato condemned the violence .",288,4,0.5397721
322d6641e41976d436a4ca6f4902a73a1f736bf9042da8f47214b4029e070b2c,There is no brown dog standing in the water,There is no brown dog standing in the water,58,6,0.4533767
327144689b652cfe1706cd70ad2225d876f567bb21511294a0ea5c1bae78b713,extend in a different direction .,extend in a different direction .,756,1,0.45174542
3511a2e367073c1150b3d59182e4b21bf7452c677b2f2f454a635cd6bd82d9c3,a man and his bicycle laying down on the green grass .,a man and his bicycle laying down on the green grass .,332,0,0.5644688
36487751d5a5f3dd7fe01e22766d3e4cb682f2e9f2a7181fb3aa937dd1916a97,bulb b and bulb c were still contained in the same closed path with the battery .,bulb b and bulb c were still contained in the same closed path with the battery .,858,3,0.37892407
38fcf626e358951556db9e3c3fbbdc2e45f05285a4ded378171861e49539fe2f,"The dollar fell as low as $1.1624 per euro from $1.1486 on Friday, and traded at $1.1594 at 10:15 a.m. in London.","The dollar fell as low as $1.1624 per euro from $1.1486 on Friday, and traded at $1.1594 at 10:15 a.m. in London.",334,7,0.49434566
3a44bdf6e2e905da4c1af5cb68d324bd40d45a0f067bd13dea58bb043b8fd5aa,"Taylor's aides warn an abrupt departure could trigger more chaos, a view shared by many in Liberia and, in private, even by mediators.","Taylor's aides warn an abrupt departure could trigger more chaos, a view shared by many in Liberia and, in private, even by mediators.",378,4,0.51414835
3c827e36af6e4d44eb1f5578c88e82d01081e8a3e943b7def5ea5a6a2e17a8d4,a black dog is chasing two birds on the shore of the ocean .,a black dog is chasing two birds on the shore of the ocean .,573,5,0.49663422
3d167e75e9c7ef556894b24470d3eff77f05dbfa0203bd59dfed35b2cdf1ce4b,guatemala 's former leader found guilty of genocide,guatemala 's former leader found guilty of genocide,305,4,0.54578215
3d4eba992d51588c5e853e2c4d75d9fdabbef9756f28e316e9f6fef48e045d81,There is no man dressed in black wearing an elaborate black mask,There is no man dressed in black wearing an elaborate black mask,177,6,0.5512454
3e85377ee982afecf6fedfb0d0f400dd149b26555d20ed55b7e314d162e2f356,A woman is falling off a horse,A woman is falling off a horse,143,0,0.615482
4143451479d43960e67fc8e57844ec2337797b47ffb80c8fd35d058ddac2b4b0,equatoguineans vote in legislative polls,equatoguineans vote in legislative polls,440,2,0.5153393
41ce253777209895b689b16293887113fbac20d7097458d5bb575deee9743522,pussy riot verdict greeted with defiance,pussy riot verdict greeted with defiance,374,4,0.5615196
421339f41dfc63a5e8c990658169349de1d8dd4d719d35f84b044f72ffd0b6f2,it is safe to say that body posture plays a big role in all languages .,it is safe to say that body posture plays a big role in all languages .,252,1,0.5893885
449eac35b438c64da6198019ee504d7f2ed6c988247384cd74251591432207cf,Some women are sitting together near woven walls,Some women are sitting together near woven walls,279,0,0.607293
4ad8cef25aed4e2f223e0f70278cfa41ed0e2edab0d9944248ad3d1d14d4c88c,what makes india vote ? jaipur lit fest debates,what makes india vote ? jaipur lit fest debates,506,2,0.53171647
4da7d5ba84da2d6482b2aeef2b16359e271deca8235e559360eec6ab5b1b5554,"nicaragua , venezuela offer asylum to snowden","nicaragua , venezuela offer asylum to snowden",284,2,0.5562405
4ec73d04c1c0d875165006e7a1d842923d28d2e0d1580dd88bfb55c54faff0a4,several different ways have been developed of calculating these values ( also known as term weights ) .,several different ways have been developed of calculating these values ( also known as term weights ) .,10,2,0.5824147
4f8fc52746644eda9b284054732a10c9280fee8cd00be7b168e7a7f34f7bf079,a black and white photo of a cow under a tree.,a black and white photo of a cow under a tree.,883,5,0.50551057
50235d40341deec8823f337bea76464b17f0bb0b3886a9cfae4f500c3e0c8ce2,the united states and other nato members have refused to ratify the amended version until russia withdraws troops from former soviet republics moldova and georgia .,the united states and other nato members have refused to ratify the amended version until russia withdraws troops from former soviet republics moldova and georgia .,232,4,0.6113594
509ae5b8477fba9a8190edd0e4506265589aa78553762fc4c07870f21dde6a79,"under the agreement , medicare coverage for drug benefits would begin in 2006 .","under the agreement , medicare coverage for drug benefits would begin in 2006 .",230,2,0.55491847
5170a8aad0ab04d7d2b79d1dfb1a4ad9ae1ced3908a91d576ad8a840d09ee5c0,"Bangladesh collapse search over; death toll 1,127","Bangladesh collapse search over; death toll 1,127",420,4,0.46693143
51d17beef57195baefd67052f8bb3c04feeb6809dbb8aee06d7cecad9541a1de,knox county health department is following national centers for disease control and prevention protocol to contain infection .,knox county health department is following national centers for disease control and prevention protocol to contain infection .,336,2,0.5660623
523957ed593149cc54eaa57f9a665b6b98648ef64e74d30c7ab1af8f18069941,parent is defined as a point of origin . i 'm not done being the best parent i can be for ben . not by a very long measure,parent is defined as a point of origin . i 'm not done being the best parent i can be for ben . not by a very long measure,289,1,0.5841134
5319cebcbd8b55984a1ab38e06729868490fc2279afb86b79d0dcf9935a84fd1,because terminal 4 is connected to the positive terminal but not the negative terminal,because terminal 4 is connected to the positive terminal but not the negative terminal,710,3,0.4354995
5482c2427175712a30b81553dd6d35af6d90586804ecdfa35a840cea706cb6e1,be fully aware or cognizant of .,be fully aware or cognizant of .,512,1,0.492276
577981d8aa48c08ffce1f21f0a56c8980aed0ac25b5d2a37c9dac10418e0c4df,A person is spreading butter on a tray,A person is spreading butter on a tray,842,0,0.55506074
57a6c1c0b0beb0149817a1fd85969ed67f4250278445926136c126248d387038,The bride and the groom are arriving after the wedding,The bride and the groom are arriving after the wedding,331,0,0.5589495
588dad85b9e885f3b3e2a34b567e9acbf3568e6b5a3fbd23567984e6c39d6a8a,"he was listed last night in critical but stable condition at kings county hospital center , police said .","he was listed last night in critical but stable condition at kings county hospital center , police said .",586,4,0.5701511
58c180e2531e1cdadabb286c193d53acf56d00a7e07678e6d85c4027b3ce1022,the territory occupied by a nation .,the territory occupied by a nation .,551,2,0.4929554
5a0f868822fc9c3ef5b1b35b83c1119b64b03664f08a23ff4eadf2b467cda104,tokyo stocks close 0.75pc down,tokyo stocks close 0.75pc down,751,7,0.4318939
5a43174c33fadee2eb47f7808821e5b040ad1f809f84d1ae9978973035e1d474,Two kids are looking up at the camera and one is sticking out his tongue,Two kids are looking up at the camera and one is sticking out his tongue,459,0,0.61136353
5ac7fd4ee2d6c68a11ed244d59b5711a156b9ce8c5d27a0ede154b87e4299cb7,a ginger and white cat curled up and asleep on a leather chair .,a ginger and white cat curled up and asleep on a leather chair .,783,0,0.61678046
5acdc404f4520cf6d6441a592bac31c948772f8c0f46ae2084b70af94d380077,extend out or project in space .,extend out or project in space .,521,1,0.49791554
5d15005085346b3227033589c7d17db5797b21635e1551a4b3d3cfc81dc750be,briton killed in algerian gas field attack,briton killed in algerian gas field attack,645,4,0.45031762
5fa6710a1fb4b77c3c342deb98f5eb18b52dd8379f8e8c9f9eb7d5df0e76d9f0,No girl with a bikini is playing in the dunes,No girl with a bikini is playing in the dunes,12,6,0.46765536
601e93ab31aec3b6cc3da07b623c5316776cc8c39d34507fbaced9aba1c018bb,bulb b and c are on a closed path to the battery,bulb b and c are on a closed path to the battery,486,3,0.32563144
60d894519f4003eb4ef37d7bb5ae3227faa3d45e10710d9e59699ebdaa550d10,8 soldiers killed in bomb attack in NW Pakistan,8 soldiers killed in bomb attack in NW Pakistan,671,4,0.4425165
61096ab36d6caab8743a11efb82329fcd464f649b48100b9a684f1cdbfad28e4,female film directors slowly gain ground,female film directors slowly gain ground,354,2,0.61737216
62a1ed512692903eff0d70c94cc5f2a49263adacb02dc736ed56fdc2b4d4c703,sunday times journalist marie colvin killed in syria,sunday times journalist marie colvin killed in syria,226,4,0.47331655
63c14c43926fc0670785f912d948cf074ad306556b57d4d4b7958d2c46a9fc7c,the black dog is running on the grass with a toy in it 's mouth .,the black dog is running on the grass with a toy in it 's mouth .,221,5,0.4753275
640b92a028555b305828c1fd39c8cc37cf768859005d7ee84abbd5dde41e330b,two people are walking through some water .,two people are walking through some water .,502,0,0.6014651
6493fbc00b5400c86a0838e449d7a41569f8ddf579d0cb6aaad9389317dbb6ae,chinese shares close lower on wednesday,chinese shares close lower on wednesday,751,7,0.4050731
66a98674a7951860264a2dafdd7a4789d264408ffaac71f654dd88940928a690,( cause to ) move gently back and forth,( cause to ) move gently back and forth,471,1,0.45925987
6722820342ab85f03b9c997e74aa09956a7c18ca1b1c522f177d7fa56833f92f,express audibly ; utter sounds ( not necessarily words ) .,express audibly ; utter sounds ( not necessarily words ) .,552,1,0.47818387
678bfebb236ac989a515fd81913803732efe5113b3f064061086c20f008a1023,pakistani girl shot by taliban appears on video,pakistani girl shot by taliban appears on video,531,4,0.4851641
69820a65e21337e65743991db29d108ab71a939fcde1c66927494c380e57ccd1,a das air cargo plane sits on the runway .,a das air cargo plane sits on the runway .,287,5,0.55745035
6af3ddfff2ac4e9212cd8a5e005a90869918f202e0cd4acc7a8fa0690a156e42,Some guy sitting on a couch watching television.,Some guy sitting on a couch watching television.,204,0,0.5981643
6b2ce16c17c2ad45bfdfc4cc88f2dfe2b60ab7cfee0a565b9a93ec7013c8240d,"his aides warn an abrupt departure could trigger more bloodshed , a view shared by many in liberia .","his aides warn an abrupt departure could trigger more bloodshed , a view shared by many in liberia .",954,4,0.4907337
6bd0c6a5213fefc2eb18af718889771a8022023760b829ac692e45140f3c3fab,iran is an islamic republic .,iran is an islamic republic .,161,2,0.558145
6c35967a83869467d43c321593ea90e97c074986ee374f8be5220bf16e839c5e,The man in a grey t-shirt is sitting on a rock in front of the waterfall,The man in a grey t-shirt is sitting on a rock in front of the waterfall,378,0,0.5478007
6c4a770b5d9d06956e3624955cf61b1ef2ec5e0f772f5207d4d70af504a0d332,The woman is drinking lemonade and watching T.V.,The woman is drinking lemonade and watching T.V.,141,0,0.66584545
6cb7a22db99e3c357fffc14cf1f32b4075da07a3081e1e71c2a3fa1acdd14960,restart or continue an activity after an interruption or pause,restart or continue an activity after an interruption or pause,401,1,0.5131708
6cba4d1e94a613476316d8d57f2c7f8cde69fbd8956a6e44f76e1e69918a8dd3,"abide by : act in accordance with rules , commands , or wishes .","abide by : act in accordance with rules , commands , or wishes .",301,1,0.49816197
6d98f5472374771dbbe4096c91030219fc471363bd7c28d38b4e761ce379245d,A cat is not crawling under a piece of furniture,A cat is not crawling under a piece of furniture,302,6,0.5491306
6dcd9bd11993b1cc7af8a24aea541101a09f6a2ff8662b356ffd105bc7482ef4,bomb kills three in northwest pakistan,bomb kills three in northwest pakistan,818,4,0.4722548
722e6e178e1f8c7d82bbb22319901537bf68d30fd2a16e2f168a359fcfd052e7,your worry is a valid one ; the reader could be frustrated by this .,your worry is a valid one ; the reader could be frustrated by this .,583,1,0.51367563
72798b71adba3226c4759e2812115791cb72502dfeb5669b37ffa2932cd299d8,A little girl with blond hair is smiling and sitting on a swing,A little girl with blond hair is smiling and sitting on a swing,930,6,0.5931894
72a66e8ff41c5459ed549f37cb4b38fb0abd0b9be3519d2a8abf3d7746783c11,a group of boys are playing soccer on the beach .,a group of boys are playing soccer on the beach .,240,0,0.66591465
73a7dd1215b229e046878bae1d90327e5fbb0e2e1a9c9b11121ccc30d428ef0b,a dog jumping into a swimming pool .,a dog jumping into a swimming pool .,893,5,0.53959733
7554ee7d004f1641b72818189d9d7944485133aabea7b8abfcc9ca020a1c0b50,dealbook : british retailer hmv enters equivalent of bankruptcy,dealbook : british retailer hmv enters equivalent of bankruptcy,221,7,0.49636656
76813c35268d5a8c38115d85702151ff715cdd82cbde84c89ad7e1c35de00390,new zealand votes to legalise same-sex marriage,new zealand votes to legalise same-sex marriage,539,2,0.5701492
768d8d0d326bace6400ff635089034f89b6b9afd8010b2b0cfdc725975a480b4,<unk> ä<unk>glee <unk> äô star cory monteith found dead in hotel room,‚ äėglee ‚ äô star cory monteith found dead in hotel room,175,4,0.54702663
76aa9278ffd50ca9b5b0cc3ebdf3a5785129471489c69c4fc2eec4ff6e75efde,"talk or behave amorously , without serious intentions .","talk or behave amorously , without serious intentions .",342,1,0.51265895
77ac9d38ddb85b70d58bbd67fca83d60df37ce9090f4b671e127b6848647573a,could be a lot of things .,could be a lot of things .,583,1,0.5180779
783ef98670541baedab958893071c631995fca8deb77868665531857849c78e8,A man with a backwards hat is sitting on the ground,A man with a backwards hat is sitting on the ground,251,0,0.5669637
78b533067437c15dd694cb5e45c631a285ffb9cb69c4df92d2a2e325350161eb,declining issues outnumbered advancers slightly more than 3 to 1 on the new york stock exchange .,declining issues outnumbered advancers slightly more than 3 to 1 on the new york stock exchange .,730,7,0.4352038
79a605a3e478890d476db29f022652dd9868a68e50795819e050de14f5fe17ff,"under the u.s. constitution , the other chamber of congress , the house of representatives , does not vote on foreign alliances .","under the u.s. constitution , the other chamber of congress , the house of representatives , does not vote on foreign alliances .",474,2,0.6209216
79ff7582e93587c6b52d31895d04ecf313c9ce6e79be59e5047df3047aa0671d,"one man had brandished an english-turkish dictionary and pointed to the word "" refugee "" .","one man had brandished an english-turkish dictionary and pointed to the word "" refugee "" .",465,2,0.54803616
7a37762e0ca76575208c3c2b37cfc08c6b94d20fb78d17cfc0514f9a1828897a,The man is pouring some oil on the tomatoes,The man is pouring some oil on the tomatoes,169,0,0.6046852
7b6fec6c7422d77f32e14f18b5f06c68838a1efdba6b8b2d6a4d264d14ece552,death toll in colorado floods rises to four,death toll in colorado floods rises to four,577,4,0.505121
7cdba18a745ce31b54a782cfa1109a8f67cc8fa83e33f7e2116ddf9fd727e16e,A baby elephant is not eating a small tree,A baby elephant is not eating a small tree,80,6,0.53375936
7e1def45aaa09234ef42d43092f58d167fe848f5cfea6a8e02d8e8918de7036b,There is no girl in pink twirling a ribbon,There is no girl in pink twirling a ribbon,101,6,0.46164638
7e9d8b2de7eddf684615550728cc40cd344b4784ccaf454b9dac79173f3e99e4,cause animals to move,cause animals to move,506,5,0.45337933
80625f5133b68091ab951de91a685a7750bc6410d749e758da64471c8dab4d0a,a black table with white fuzzy chair .,a black table with white fuzzy chair .,712,0,0.5493232
82781392ee19dea728964724d0edc144ddba42bc69e0232fd7841a1349246759,( cause to ) change from a gas to a liquid .,( cause to ) change from a gas to a liquid .,633,1,0.49573165
8841b6f1ecacf21f65cf7e266cf967dd0085fd1f63b238463e705a4a2abd4d4d,if the other bulb is no longer contained in a closed path with the battery,if the other bulb is no longer contained in a closed path with the battery,234,3,0.4212148
887c202aa4ce6bff02b6ad103db9b71fcb20a0c8eed77f59d7fb2d0ef845a0d1,a long train is on train tracks .,a long train is on train tracks .,777,5,0.51196647
8abe97c8ba194af3d3f0c53cb0e59204b8997d3a899bd75ffad8112c48d459ab,a bicycle is parked by a shop .,a bicycle is parked by a shop .,599,5,0.58952296
8c057f7f49d181495afff086841017e624eb2ddbf1aa8f2a671d517ff10cf590,"Besides these 28 OCT4-regulated genes, the Oct4-OETN included 8 more genes of a recently published list of OCT4-correlated transcripts expressed in ESCs.","Besides these 28 OCT4-regulated genes, the Oct4-OETN included 8 more genes of a recently published list of OCT4-correlated transcripts expressed in ESCs.",0,2,0.56645244
9026fd6af9bda97689b59705479d762289b7e0fe632e91aff77b387924c1ef1f,the man is playing the guitar .,the man is playing the guitar .,882,0,0.52483577
902ce7f80ad731a0956c2d4cdeb95e327b4e1f508112798855d066fb059cdb9f,a domestic animal stands in a pen .,a domestic animal stands in a pen .,395,5,0.45897818
90b6c89629aa51bc4e9fd51f4a904de92bf7c0a690d6af7c6c7ffb4a5345a5b1,"For the analysis of expression at different stages of differentiation, data were obtained for 43 mouse samples in StemBase , originating from 16 studies with Affymetrix MOE430A microarray chips, as used in an Oct4 expression profiling study covering murine ESCs, embryonal carcinoma cell lines, and several early differentiated lineages.","For the analysis of expression at different stages of differentiation, data were obtained for 43 mouse samples in StemBase , originating from 16 studies with Affymetrix MOE430A microarray chips, as used in an Oct4 expression profiling study covering murine ESCs, embryonal carcinoma cell lines, and several early differentiated lineages.",418,2,0.53555405
921c76b68fbf40615e1564616f22367397d7fb8997330d3b3d58d98042563e40,A girl is not playing the guitar,A girl is not playing the guitar,288,6,0.39196426
92ab795bc4ca4694d775bd5960850f1b969731571fb63ab4419a5e006afe4fa8,The ice skating rink placed outdoors is full of people,The ice skating rink placed outdoors is full of people,899,5,0.6057124
946e3404e4ab063c7eb5d800f1372f77c33d909be39ec002581c3de07c030c17,Nelson Mandela in Hospital for Tests,Nelson Mandela in Hospital for Tests,778,2,0.56394225
953d2cde477762b31e2a9da623b5b7d5b27ddb19ecd5031d137e02d3cfb3ea40,"Emory Lane, 16650-Patsy C. Herold to Julia Hernandez, $459,900. Hornbeam Dr., 4712-Clinton D. and Shenita Y. White to Stephen J. Tapparo and Luz M. Redondo, $685,000. Morgal St., 4410-Jeremy A. Schiffer and Rachel Werner to Daniel F. Rogers and Jennifer L. Gordon, $470,000. AD Veirs Mill Rd., 12732, No. 1-101-Steven W. Watts and estate of Bradley Nolan Watts to Janys A. Cabrera Diaz, $190,000. BETHESDA AREA Alta Vista Rd., 5511-Ihor G. and Catherine Murashchyk to Marco and Carolyn Macchiavelli, $707,500. AD Arrowood Rd., 7205-MSM Design Build Corp. to David Arash and Beth Jav","Emory Lane, 16650-Patsy C. Herold to Julia Hernandez, $459,900. Hornbeam Dr., 4712-Clinton D. and Shenita Y. White to Stephen J. Tapparo and Luz M. Redondo, $685,000. Morgal St., 4410-Jeremy A. Schiffer and Rachel Werner to Daniel F. Rogers and Jennifer L. Gordon, $470,000. AD Veirs Mill Rd., 12732, No. 1-101-Steven W. Watts and estate of Bradley Nolan Watts to Janys A. Cabrera Diaz, $190,000. BETHESDA AREA Alta Vista Rd., 5511-Ihor G. and Catherine Murashchyk to Marco and Carolyn Macchiavelli, $707,500. AD Arrowood Rd., 7205-MSM Design Build Corp. to David Arash and Beth Javdan, $5.97 million. Bells Mill Rd., 6400-Ivan S. Dimitrov and James Norris Platt to Molly A. Herrera and Juan C. Herrera Trejo, $656,000. Brixton Lane, 9903-Jeffrey M. and Sheryl E. Prieto to Gabriel I. Parra and Natalia Gudino, $745,000. Burdette Rd., 8300, No. 502-Donna G. Smith and estate of Charles H. Goldberg to Kenneth H., Francine and Richard Shure, $680,000. AD Buttermere Lane, 6707-Irma Lee Westrell to Peter Glaser, $630,000. Exeter Rd., 7515-Barry L. and Sigrun F. Haase to Carlton Ervin, $3.5 million. Harling Lane, 4517-Anthony B. and Frank Crisafulli to Carlyle P. Thorsen, $889,000. Inglemere Dr., 9819-Masha Kruskal to Earle and Cynthia Ingalls, $830,000. Maple Ave., 4600-Richard Allen Lingle to Nathan K. Redmann and Bianca Elizabeth Bersani, $1.2 million. AD McLean Dr., 5605-Mid-Atlantic Custom Builders Corp. to Edward and Lerna Chaglassian, $2.33 million. Millwood Rd., 7208-Richard Coghlan and Sang Me Lee to Roman and Katja Elisabeth Heini, $2.65 million. Pelham Rd., 8507-George L. Richardson and Beatriz M. Romero Junquera to Huanhuan Deng and Bing Qi, $1.48 million. AD Rannoch Rd., 6800-John L. Stodola to Katherine E. Pappas and Craig D. Goldstein, $1.3 million. Sentinel Dr., 4970, No. 11-204-Kerry Lynn Edwards to Rae B. Wine, $564,000. Still Spring Ct., 8300-Eric Paul Hanson and Celia Noemi Cruz to Daniel P. Simon and Lisa Marie Yanni, $925,000. Vendome Dr., 9232-John D. Gordon and H. Allison Smith to Brian S. Gold, $1.44 million. Walton Rd., 5816-Natalie A. Albina to Stephen T. Power and Claudia A. Laguzzi, $1.58 million. Whitley Park Terr., 5450, No. 305-Cheryl L. Maltz and estate of Adrienne K. Maltz to Mohanlal, Panna and Dipti Mistry, $389,250. AD Winterberry Ct., 5-Guillermo Jose Aviles Mendoza and Juliana Kruse De Andrade Maia to Maria L. Bruno Ruiz and Daniel F.B. Ruiz, $852,500. AD BOYDS AREA Conrad Spring Rd., 15432-Rosemarie Borisow to James P. and Natacha C. Walsh, $765,000. Shiloh Church Rd., 23210-Joe D. and Mary V. Pace to Sam and Rima Abuobaid, $925,000. BROOKEVILLE AREA Briars Rd., 3422-Mark B. and Gail A. Gunod Green to Maura Burns and James Landers Sullivan, $519,500. Honeystone Way, 2302-Peter and Christina Donath to Vincent and Nicole T. Walker, $725,000. Saint George Way, 2515-Laura Kane and estate of Richard V. Fazio to Michael and Yelena C. Roshal, $727,000. BURTONSVILLE AREA Aldora Cir., 14119-Gary W. and Wendy Ann Whichard to Emmerson Nelson, $285,000. Bentley Park Dr., 14517-Daniel and Laura Davis to Tariq Shahzad and Humera Tariq, $660,000. AD AD Regalwood Terr., 4313-Gordon H. Fry to Nina M. Keach and Lou Deutschman, $300,000. Sorrento Ct., 14502-Tokozile and Rodwell Dlodlo to Akossiwa E. Atohoun, $290,000. CALVERTON-COLESVILLE AREA English Turn Dr., 13015-Itea Investments Corp. to Meseret Ibsa, $750,000. Lillian Lane, 111-Carol Delaney and Patrick J. Doyle to Mamoon Osman Hassan Saeed, $470,000. Peaceful Lane, 1415-Reginald L. Penny to Antoine D. Poole II and Marielys Montero, $435,000. Staley Manor Dr., 1743-Sarah M. Pevey to Harris Iqbal and Victoria Audrey Prevette, $310,000. Woodlake Dr., 3552, No. 19-Tara M. Royster to Titilayo O. Adigun, $365,000. CHEVY CHASE AREA Clifford Ave., 8804-Nancy B. and Condit N. Eddy to Patricia M. Diaz and Marcelino N. Andrade, $730,000. AD Falstone Ave., 4723-Brandon H. and Anna J. Lee to Helene Safire, $1.25 million. AD Inverness Dr., 3601-David J. Chorzempa to Brian P. and Cathleen D. Ciampa, $1.2 million. Levelle Dr., 9211-Steven D. and Kimberley C. Pearson to Rebecca S. and Daniel L. Weaver, $1.31 million. Wisconsin Ave., 5600, No. 1407-Terry Holtzman and estate of Mary Holtzman to Joseph E. Schwartz and Anne Weiss, $1.32 million. Wyndale Lane, 7404-Joy M. Leong to Robert A. Vricella, $975,000. CLARKSBURG AREA Basswood Hill Dr., 23114-Sun Kyung Yu to Mouhamed and Fatou Dioum, $430,400. Ebenezer Chapel Dr., 13070-Third Try Corp. to Manoj Maheshwari and Nitu Pasari, $515,000. Pond Pine Dr., 12109-Rui P. and Jessica Torres to Yong Guo and Shangwei Liu, $435,000. AD Winding Woods Way, 22002-Clarksburg Village Corp. to Jeffrey Glenn and Venita Yvette Scott, $601,395. CLOVERLY-EDNOR AREA Cantrell Rd., 14400-Musawwir A. and Tasnuva Khan to Luis M. and Edgar C. Loayas Aguilar, $550,000. AD Redgate Ct., 2-Roger M. Brown and Karen Jayne Doswell to Deborah Y. Clark, $706,000. DAMASCUS AREA Biscayne Lane, 9904-Lawrence and Lindsay Haley to Jason and Amanda Oakes, $395,000. Canvasback Way, 9958-Jessica M. McLaughlin and Mark R. Nettling to Yamila Medina, $249,000. Middleboro Dr., 10812-Susan M. Hensley to Junmin and Xiaoxiang Zhang, $550,000. Valley Park Terr., 25732, No. H-2-Jesus Arturo Parrau and Nicole Jennifer Hartwick to Caitlin Ann Caffrey, $259,000. AD DERWOOD AREA Cliffbourne Lane, 17817-Estate of Joan B. Carpenter to Kyle M. and Lynn E. Erickson, $515,000. Granby Rd., 6108-Florence M. Hallman and Patricia L. Boyer to Sonia Mundle Smith, $685,000. Nutwood Ct., 7609-Alan J. Diamond and Carol Janus to Laddawan Thirachawalit, $375,000. Wheat Fall Dr., 17521-John C. Vergelli and estate of Kathleen Ann Vergelli to Luis F. Retana and Betsy N. Lopez, $450,000. AD FOUR CORNERS-BURNT MILLS AREA Brewster Ct., 314-Andrew J. and Kristin A. Schrader to Cheryl Ann Hurwitz, $653,000. Dryden St., 1107-Laurie A. Yengo to Jodi Ilene Charles, $500,000. Glenwild Rd., 10615-Arceli Bacsinila to Ashley Nicole Macon and Shauna Natasha Davis, $482,500. Lowander Lane, 813-U.S. Bank and Legacy Mortgage Asset Trust to Yonas Nigatu Gurach, $440,000. Saybrook Ave., 9308-Laverne H. Havelka to Deanna L. Wright, $504,000. Sutherland Rd., 10003-Jared E. and Jennifer L. Gigliotti to Robert H. and Ashley S. Burch, $615,000. GAITHERSBURG AREA Barn Swallow Terr., 18728-Matthew and Shanna Bahen to James Michael Whalen, $276,000. Fertile Meadow Ct., 18023-Rajeev and Gunjan Jain to Maryonne A.C. Snow Smith, $350,000. Grosbeak Terr., 18632-Brian Williams to Dalicia Ashley Eschoe, $295,000. Hummingbird Terr., 9235-JLG Investments Corp. to Marc D. and Brandon Riley Goldstein, $325,000. AD Lindstrom Ct., 17615-Alan R. and Jan Briddell Stevens to Jaime Romeo Valiente Gallegos and Ruth Fransoli Valiente, $325,000. Pearlbush Dr., 7900, No. 302-Edward J. Maynes to Christine R. Kim and Ricky M. Zatz, $129,999. Tulip Dr., 110-Ashley J. White and Christopher A. Sibrizzi to Aaron K. and Anna K. Serrano, $400,000. GAITHERSBURG-NORTH POTOMAC AREA Apple Blossom Way, 112-Wen I. Wear and Jack Pai Young Liu to Kannan Chinnasamy and Harita Kannan, $610,000. Boat House Ct., 14-Qisheng Li and Jinwen Chen to Dun Liang and Sutan Wu, $771,000. Chestertown St., 122-Scott V. and Sharon L. Nystrom to Andrew and Jaclyn Nicoletta, $882,500. Clover Knoll Rd., 11925-Inge J. Caldwell to Eric Endicott and Heather Leeper, $515,000. Curry Ford Lane, 208-Suntrust Bank to Francis Aning Boddom, $320,000. Diamondback Dr., 506, No. 241-C.F. Sept Owner Corp. to Lok Wong Samson, $489,900. Fenceline Dr., 12-Maureen Q. Ponce to Umesh J. Rajani and Purvi R. Desai, $380,000. Helene St., 535-Blake E. and Ilene H. Godsey to Gary M. and Judith Lynn Katz, $809,900. Kimberly Ct. W., 785-Perfect Homes Corp. to Summer G. Martinez and Daniel Francis Cumberland Jr., $535,000. Linslade St., 724-Verna W. and Jerry C. Van Wert Jr. to Christopher Michael and Courtney B.K. Knaus, $800,000. Orchard Hills Dr., 111-Mark A. and Joanna Green to Ebrahim Rajabtabar Darvish and Hanieh Ataei, $550,000. Phelps St., 477-Rajesh Kumar and Anju Goel to Yang Liu and Yu Zhang, $624,000. Quince Orchard Blvd., 882, No. 202-Xiaoyou Chen to Anisur Rahman Palash and Afia A. Jahan, $115,000. Sylvan Glade Dr., 14440-Drew Evan and Ryann Leslie Morris to Shafiul and Mahabuba Alam Elahee, $1 million. Water Oak Dr., 15105-Jai Raj Narain and Tara B. Rajan to Chawan Elliot Barnes and Sadaf Afkhami, $620,000. GERMANTOWN AREA Ambassador Dr., 13600-Hao Ping Chai to Hwei Chun Chou, $259,900. Chalet Dr., 18140, No. 7-101-Hsiu Ling Hsu to Annette Richards, $178,000. Dairymaid Dr., 13139, No. 103-Fang Xu to Bowen Yang, $155,000. Esmond Ct., 27-Joseph Beall and Paul Yanoshik to Eric Robert and Keke Schuler, $308,900. Lake Park Dr., 19918, No. 922-Sandra and Maria Pazmino to Augustina Boamah and Kwame Konadu, $310,000. Lowfield Terr., 13413-Jasbir and Piari Singh to Mario and Janeth Andino, $345,000. Martins Landing Dr., 18700-Stephen P. Macloud to Michael L. Tash, $284,500. Moonwalk Ct., 18910-Chad and Amanda Berkhammer to Vitaly Avilov and Qi Zeng, $564,900. Rayfield Dr., 19425-Juan A. and Isabel Galvez Salgado to Scott and Mignonette Petersen, $401,000. Shipley Terr., 20209, No. 1-B-201-Hector A. and Jose Omar Andino Rivera to Hector Hermando Neira Herrera and Graciela Q. Neira, $180,000. Summer Oak Dr., 11527-Mark M. and Megan A. Jackowski to Timothy R. and Alena Lynn Carter, $305,000. Warrior Brook Dr., 19141-Zhengliang Bu and Lanlan Zhang to Robert Eugene and Danielle Ross Franklin, $409,900. Winding Creek Way, 12041-Francoise A. Andre and Apostol T. Vassilev to Jibran Misbah and Farah Reyaz, $322,000. KENSINGTON AREA Brunswick Ave., 10700-Roy E. and Herlyth B. Clark to Thomas G. and Madison Dickinson Hendren, $550,000. Flanders Ave., 5307-Silviu C. and Leana Cretu to Steven H. Ngo, $650,000. Midvale Rd., 11120-Jerome Rossignuolo and Chu Chu Lan to Timothy Jerome White Jr. and Ghazal Parsa, $769,000. Saul Rd., 4501-Jonathan George Mathis to Rosita Alyssa Baua Hermann, $699,000. LAYTONSVILLE AREA Flamingo Terr., 24340-James P. and Natacha C. Walsh to William Marshall Lee and Casey Christine Robertson, $380,000. Lochaven Ct., 20924-Donna M. Marino to Michael Anthony and Leslie Susan Gladu, $625,000. Watkins Rd., 9631-Suzanne and Donald L. Diddle to Scott D. Parello, $480,000. Woodfield School Rd., 25130-Joseph Allen and Cheryl Peters Wyatt to Patricia and Terry Nichols, $635,000. MONTGOMERY VILLAGE AREA Brassie Way, 9620-Shannon Frye Robb to Richard Pineda and Alicia D. Valle Toledo, $199,900. Copps Hill Pl., 18124-Fabiana I. and Ismelda Gaona to Marco Antonio Uceda Juica, $225,000. Hellingly Pl., 9728, No. 203-Anthony Malek to Nicolaas Johannes Van Staden, $114,000. Mills Choice Rd., 19023, No. 4-James I. and Tuanhwa H. Cheng to Leo Stanley and Konika A. Rodriguese, $130,000. Ravenglass Way, 8732-Patricia M. Benjamin to Nicolas E. Quinones, $195,000. Sterncroft Ct., 20504-Jesus Huaman and Frida Mojonero to Ketty E. Peraza and Cristofer Adalverto Gonzalez, $238,500. Transhire Rd., 19551-John Charles Marshall to Laurel Foster, $240,000. NEW HAMPSHIRE ESTATES-HILLANDALE AREA Hedin Dr., 9809-Clifford H. and Sandra Ivery to Saleela and Shailesh Kumar Sharma, $416,500. NORBECK-LAYHILL AREA Bel Pre Rd., 3750, No. 11-Andrew and Paulette M. Ladas to Marcos R. Tamayo Olivier and Carla A. Luis, $92,500. Camellia Dr., 12813-Gary and Elizabeth M. Gilliam to Erica S. St. Louis and Herbert Russell Frisby III, $475,000. Edelmar Terr., 3612, No. 127-A-Woodrow W. Hancock Jr. to Alice C. McGurty, $241,500. Greenery Lane, 2308, No. 302-13-Federal National Mortgage Association and BWW Law Group Corp. to Rasheda Akter and Nazifa Tazrian Munia, $189,900. Innsbruck Ct., 14420, No. 3-AB-Steve J. Chaney to Francisco N. Hernandez Savinon, $185,000. Interlachen Dr., 15101, No. 1-414-Estate of Barry Friedberg to Ann M. McDowell, $280,000. Island Creek Ct., 3423, No. 132-A-Robert S. and Emilene Werner to Katherine L. and Thomas G. Bugenhagen, $468,000. Leisure World Blvd. N., 3200, No. 619-Cindy Ann Gilman and estate of Freeda S. Wolf to Gail Roe, $404,000. Leisure World Blvd. N., 3330, No. 5-915-Roger D. Feldman and estate of Gertrude Coburn Feldman to Val S. and Judith Sasmore, $152,500. Ludham Dr., 3209, No. 193-A-Edward A. Perron to Sherry Lynne Stargel, $315,000. Nordic Hill Cir., 1651-Kenneth Cutler and Wioleta Laska to Eugenio J. Aleman and Maria C. Vassallo, $494,000. Redspire Dr., 13302-Dale and Lilyan Kang to Hoang M. Nguyen and Mai X. Huynh, $825,000. Weller Rd., 2604-Luciano and Lidia DiFranco to Tena Gebretsadik and Hana Wondimu, $450,000. OLNEY AREA Buehler Rd., 17816, No. 1-B-2-Luis Anthony Jaramillo to Peter J. and Joseph Toller Leicht, $125,000. Gelding Lane, 3811-Michelle R. Cascio to Paulina M. Kozorosky, $373,000. Overwood Dr., 17804-Maurice L. Vekeman Jr. to Nicholas Domenico Richards and Jennifer Steiger, $472,500. Shadowridge Terr., 18606-Cynthia L. Dunn to Seble Abebe and Mulugeta T. Fisseha, $421,000. POOLESVILLE AREA Hughes Rd., 17300-Jeffrey Dayton and estate of Leona J. Nelson to Jesse Ryan and Jennifer Loznak, $443,500. Spurrier Ave., 19812-Randolph C. and Nancy L. Halphen to Stephen and Angela Amanda Trice, $430,000. POTOMAC AREA Bartonshire Way, 1294-Donna R. Foley to Laurence Wade and Sarah Maria Tivnan, $710,000. Betteker Lane, 9905-Patrick D. and Mariella V. Young to Yan Zhang, $680,000. Brushwood Way, 13149-Jennifer M. Whitlow to Jeffrey T. and Michele Molyn Napoliello, $1.73 million. Cambridge Manor Ct., 9237-Kathleen J.S. and Stevan A. Varga to Sean Wesley Hiapo and Jill Renee Olson, $1.82 million. Conestoga Way, 9708-RBL Ventures Corp. to Kevin Kyuhong and Yoojin Choi, $930,000. Democracy Blvd., 10240-Barbara and Gerard P. Champaloux to Ejike Asiegbunam, $1.8 million. Fallsmead Way, 1203-Wai Keen Chung and Junqing Liu to Colter Thomas and Alana Wase Bell, $753,000. Inverness Ridge Rd., 8145-Donna F. Panagos to Xun Sun and Linnu Cao, $560,000. Lloyd Rd., 10325-Mark B. and Donna Tasso Johnson to John K. Wilson and Katherine J. Scoville, $829,000. Milbern Dr., 11612-Sheshagiri Rao and Kusum A.R. Kalavar to James P. and Calie B. Lillis, $735,000. River Falls Dr., 8304-Edward J. and Elizabeth C. Hudson to Blair Alexander and Elizabeth Goergen Silver, $1.4 million. Stratton Dr., 2001-Michelle L. Snyder and Jonathon S. Colton to Ira S. Miller and Allison Buchman, $775,000. Turnberry Dr., 9472-Paul A. and Susan L. Commander Samakow to Virun Lee, $880,000. Willowbrook Dr., 11137-Pei Ying and Diana H. Chen to Kevin P. and Angela R. Murphy, $1.09 million. ROCKVILLE AREA Azalea Dr., 868, No. 21-Prashant and Quenie Thi Nguyen Goswami to Ehud Inbar, $350,000. Barbados Pl., 5916, No. 59-Trudy Bernstein to Ari Payes, $399,000. Boiling Brook Pkwy., 4722-Andrew J. Horos to Mohd Sulaiman and Moska Hakimzada, $390,000. Brentford Dr., 5109-Joseph C. Werner to Jimmy Su, $365,000. Charles St., 335-Leqin Shi to Patrick Jose Raminhos, $317,000. Dundee Rd., 2002-Tian Zhou to Peipei Hu, $515,000. Ertter Dr., 4904-Steven T. and Karon C. Martinez to Christopher A. Yen and Luyao Zhang, $590,000. Gaither Rd., 1017-Morgan Chiu and Hsiaofang Yeh to Gregory and Dorothy Yahr, $525,000. Glenmore Terr., 2267-Lawrence G. Lazar and Leilei He to Natalia Komissarova, $765,000. Linden Square Ct., 5804, No. 41-Karla Olsen to Andrea Basdekian, $535,000. Luxberry Ct., 9, No. 4-Shulamith B. and Donald D. Weisman to Michael Anthony O’Sullivan and Janet Rae Fox, $570,000. Monroe St., 114, No. 302-Yuri Berman to Gennadiy A. Pavlyukovets and Natallia S. Kotseneva, $235,000. Old Georgetown Rd., 11710, No. 1226-Scott Christopher and Alina Elizabeth Hotaling to Majid Majd, $325,000. Paulsboro Dr., 957-Heather A. Mulloy to Nurgul Gelic, $495,000. Rolling House Rd., 11327-Ira B. Mirsky to Thomas and Ola Chen, $850,000. Rose Ave., 930, No. 1906-Pike & Rose Condominium Inc. to Melony and Robert Muller, $479,900. Strathmore Park Ct., 10400, No. 303-Steven D. and Laurie J. Macht to Gerard E. and Germana B. Mitchell, $800,000. Topping Rd., 4704-Ryan M. and Angela H. Harper to Bradly M. Bauman and Kristen Elmezzi, $470,000. Warfield Dr., 618-Kevin Frederic and Cynthia Jo Brooks to Lucy Angela Carone Elliott, $650,000. Wickshire Way, 11020, No. A-5-Corey and Emily Baker to John Carlos Wong, $625,000. SENECA PARK-CEDAR GROVE AREA Amber Ridge Cir., 12031-George A. and Traci D. Crawford to Adam Shuaib and Amanda Stegmiller, $350,000. Bent Creek Terr., 11318-Jill R. Freund to Belinda B. Nyarko, $350,000. Owls Nest Cir., 21255, No. UN40-Seung H. and Hannah Weerae Lee to Fenton G. Dobard Jr. and Alicia R. Tellis, $355,000. Royal Crown Dr., 12509-Brian and Irina Mitchell to Swayne J. Singh and Tigest Eyasu, $500,000. Sojourn Ct., 21003, No. 33-Janice A. Thomas to Vernette V. Vernon, $280,000. SILVER SPRING AREA Cassedy St., 2737-Melinda Campos and Gloria Zagorski to Daniel J. Zarin, $627,500. Easley St., 701-Gunnar Grodsky to Ahmed and Nihad Fawzy, $1.34 million. Kingsbury Dr., 9105-Stanford D. Gillis to Gregory S. Avicola, $630,000. Russell Rd., 9411-Paul Skafte to Samuel R. Gilbert and Erica E. Eisenman, $665,000. Washington Ave., 2207, No. W-203-Amy T. and Jason R. Barnard to Beatriz Rodriguez, $280,000. Second Ave., 8926-Tage Jacob Rainsford and Danielle Nichole Bird to Jason David Schellhardt, $735,000. TAKOMA PARK AREA Carroll Ave., 7342-Keith A. and Sara Mercedes Allen Sieverding to Alfred Clarence and Claire Joanna Bertrand, $715,000. Hudson Ave., 601, No. 312-Leslie Charles and estate of Judith Ann Hobbs to Clara Ines Vargas, $175,000. TWINBROOK AREA Debeck Dr., 1004-Laura S. Johnson to Isabelle Raquin and Jonathan Honigman, $482,000. Gilbert Rd., 1003-Richard and Debora Branthover to Jordan A. Stubbs and Carol Oser, $370,000. Lemay Rd., 5935-Andrew J. Wilks and Edward H. Walker to Rajeev and Sandra Purohit, $448,402. Rockcrest Cir., 30-Kevin William Green and Kimberly Pisabaj to Gibran Shaikh and Zuha Moin, $485,000. WHEATON AREA Bluff Terr., 101-Benjamin Scott Sammon to Connie Lynn Bacon and John Patrick Andrews, $535,000. Cone Lane, 11004-Dorothy S. and John J. Crnkovic to William Henry Washington Jr. and Keshni Naicker, $400,000. Georgia Ave., 9806, No. 22-301-John Justin Gradowski to Deborah Meetze Hinton and James Reid Rowlett, $230,000. Hardy Ave., 2814-Andreas P. Gelner and Adrienne J. Capkovic to Endalew K. Delegassa and Eleni G. Dinkalem, $366,000. Imperial Dr., 1702-Laura L. Letson to Matthew O. Spencer and Greta Claire Harman, $499,000. Lamberton Dr., 800-Robert H. and Angela C. Liberman to Moshe B. and Melissa Broder, $660,000. Lovejoy St., 11803-Yossi Alkoby and Judith Meira Gershater to Scott Weinberg and Julia Ashkanazy, $522,500. Woodland Dr., 9900-Sara A. and Angelique J. Willis Hilbrich to Matthew G. Dean and Deborah A. Williams, $525,000. Frederick County These sales data recorded by the Maryland Department of Assessments and Taxation in August were provided by Black Knight Inc. For information about other residential real estate transactions, visit washingtonpost.com/homesales. ADAMSTOWN AREA Mount Ephraim Rd., 1888-Tom P. and Maureen T. Lapsa to Lindsay Turner Johnson, $725,000. BRUNSWICK AREA Crums Hollow Dr., 801-David M. Kilpatrick to Kenneth V. and Krisztina Baglyas Janosko, $413,000. Orndorff Dr. W., 134-Kelly A. Watson Huffer to Matthew and Cheyenne Smith, $170,000. Virginia Ave. N., 12-Jeff and Sam Edgin to Karen P. Orens, $280,000. BUCKEYSTOWN AREA Keller Lime Plant Rd., 6787-Charles M. and Julie N. McGuffin to Joseph Brooks Gatewood, $339,000. BURKITTSVILLE-JEFFERSON AREA Camden Dr., 4105-Larissa Lefebure to Joseph and Elizabeth Longo, $347,000. Pecan Ct., 3445-Gerard J. and Shirley L. Long to Jonathan H. and Lori M. Paquin, $459,900. EMMITSBURG AREA Huntley Cir., 1325-Allen Ambush to Skylar D. Poole and Megan S. Degrange, $320,000. FREDERICK CITY-ADAMSTOWN VILLAGE AREA Avonshire Pl., 5620, No. D-Paul Werking to Lai Thang and Kippar Van, $183,000. Black Creek Lane, 7203-Michael T. Malafarina to Rachael Hallyburton and Patrick Koogle, $278,000. Clifton Rd. S., 6205-Eric Seth Epstein to Rusty J. and Nancy J. Mikulas, $235,000. Duke Ct., 5184-Taruan D. and Daphne S. Matthews to Damien Lamont Ricketts, $210,000. Essex Pl., 518-Marijka A. Grey to Mary Joe Bayley, $191,500. Granville Ct., 6638-Mandy Schall McAteer to Jason W. Brinkley, $285,000. Hollyberry Way, 590-Eric J. Miller to Lasker N. Ahmed, $198,000. Jefferson Blvd., 6624-Payton M. and Bethany L. Reid to Harry Russell and Sandra Sessa Lashley, $515,000. Killdeer Ct., 6737-Brett A. and Caitlin E. Vanorsdel to Ryan Hopkins, $245,000. McGrath Pl., 6631-Calli Marie Rooney Lear to Nestor Arnoldo Nunez and Elizabeth A. Holden, $295,000. Old Swimming Pool Rd., 4902-Walter L. Hepker and Rebecca G. Full to Brian P. Howie, $314,900. Rivendell Pl., 5583-Marc Aaron and Christine Apolito to Sheila R. Bonney, $282,000. Small Gains Way, 4949-Steven C. and Jessi D. Barmoy to Luis Banoscare, $322,000. Sweet Bay Ct., 5775-Katherine C. Kelley to Jennifer Lynn Buckley, $209,900. Timberwolf Dr., 1415-Linda Greenberg to Omar Adonay Mendez Carias and Tylyn A. Medrano, $368,500. Walcott Lane, 6511, No. 102-Jaime Thompson to Darla H. Alterescu, $226,900. Wood Duck Ct., 6770-Nathan A. and Jessica R. Vanhouten to Jianyong and Xiuqin Gao, $224,400. FREDERICK CITY-LIBERTYTOWN AREA Baldridge Cir., 6140-Steven B. and Kendall Klosky Tiffany to Erica F. and Anthony N. Cooke, $282,000. Bear Den Rd., 2563-Ronald L. Mallow and Robin N. Gordon to Todd and Gail Fineberg, $389,900. Bridgewater Ct. W., 9402-Razvan A. and Jennifer Simonica to James and Lauren Ji Kim, $409,900. Catoctin Ave., 209-Joseph M. Shoemaker to James E. Rippeon II and Aimee Leigh Rider, $237,500. Church St. E., 217-Katie A. Pribyl to Dianne Dain, $555,000. Derrs Ct., 1800-Jason R. and Kathleen A. Sepanic to Michael A. and Evelyne Anzick, $380,000. Dogwood Dr., 1604-Daniel W. Trombetta to Paul Fritz, $305,000. Egret Way, 2625-Tracy Tucker and Kathleen Martin to Sean Gibson, $315,000. Greenleese Dr. N., 1801-Jeffrey T. and Kari B. Enama to Zachary Alan and Courtney Marie Davis, $424,000. Holden Rd., 832-Calatlantic Group Inc. to Joshua Adam and Sarah Anne Loftus, $497,473. Jubal Way, 926-Phineas Cornell and Sharander Lakilia Jackson to Edmond D. Fuentes, $260,000. Lamp Post Lane, 2213-Sean M. and Amanda M. McWilliams to Shayna L. Scott, $290,000. McMurray St., 104-David W. and Kathryn L. Humphries to Jennifer A. Wilson and Lesley J. Vandever, $270,000. Mill Island Pkwy., 3030, No. 310-Joseph A. Alexander to Judith Westbrook, $327,000. Palatine Dr., 3000-Wormald Development Co. to Joan T. Reilly, $473,900. Quay Ct., 7984-David H. Shiben to Jamaal Anwar Jones, $220,000. Sherman Ave., 304-Tarah M. Zuniga and Edison Zuniga Sanchez to Amanda N. Barrientez, $216,000. Springwater Ct., 6509, No. 6401-Jennifer Bolling Laggini Palmer to Annie Walker, $190,000. Stoners Ford Way, 3025-Lorraine J. Stoltz and Marsha D. Flowers to David F. and Jeannie R. Knollman, $462,000. Village Square Rd., 2231-Debra A. Bowman to Janet Jenkins, $333,500. Wheyfield Dr., 1618-Michael G. and Linda J. Murray to Michelle Garrett, $286,000. Fifth St. W., 235-Rachel E. Kavanagh to Brian Patrick Walsh, $239,000. FREDERICK CITY-MOUNTAINDALE AREA Andover Lane, 1636-Roberto Serpas Salmeron to Justin A. Mawdsley and Carol L. Paulson, $282,400. Boulder Rd., 9404-Sabrina Elizabeth Smith to Ivan and Kensy M. Alvarenga, $235,000. Buell Dr., 93-Anthony and Melinda Hite to Blyden Bonar Jr. and Nancy Kobe, $250,000. Catoctin Ct., 2500, No. 1-2B-Timothy L. and Terri J. Cannon to Chengkai Dai and Yishu He, $170,000. Coach House Way, 2508, No. 1C-Chris A. Turner and estate of Barbara A. Salt to Karen M. Cappolella, $185,000. Dominion Dr., 2406, No. 2C-Daniel L. and Tama R. Plombon to Patricia A. Lawton, $176,500. Ellsworth Way, 2408, No. 2A-Frank E. Warner to Amy Haggerty, $164,000. Fox Hunt Lane, 8223-Thomas E. and Kathleen E. Igo to David Michael and Joli Naomi Chism, $441,500. Heather Ridge Dr., 416-Wayne Deyton to Joseph S. and Gillian A. Kulina, $125,000. Jordan Valley Way, 8329-Richard W. and Linda S. Revolinsky to Edwin and Jackeline Cartagena, $470,000. Livingstone Terr., 9-Amanda M. and Joyce A. Zimmerman to Kenyan L. Summers, $219,900. Millstream Dr., 1844-Embrace Home Loans Inc. to Jasbir Singh Matharu, $205,000. Runny Ct., 7002-Anthony S. and Jennifer J. Kokoskie to David W. and Kathryn L. Humphries, $340,000. Shelley Cir., 2508, No. 8-Mark and David Degirolamo to Elinor J. Rouff, $189,000. Timber View Ct., 244-L&A Holdings Corp. to Kyle L. Georgius and Lauren N. Hicks, $280,000. Wilcox Valley Dr., 2053-Tiffany A. Glover and Tracy A. White to Michael R. and Ruthann McFadden, $409,000. GARFIELD AREA Loy Wolfe Rd., 13500-Richard M. Pryor to Trystin R. and David H. Alexander, $450,000. IJAMSVILLE AREA Melbourne Pl., 7503-Paul D. and Susan L. Manny to Michael A. Chlebda, $565,000. Shel Mar Dr., 1907-Barry Edwin and Sharon Joy Wagman to Jose M. Cambron Espino, $510,000. LIBERTYTOWN AREA Liberty Rd., 11920, No. 204A-Richard Lee and Heather L. Rippeon to Brittney Nicole Rowse, $126,000. MIDDLETOWN AREA Boileau Ct., 3-Gary and Sharon Diane Gregoire to Connor R. and Brenda L. Smith, $225,000. Feldspar Rd., 4630-Brian T. and Lisa A. Edwards to Jason Robert and Allison Jacob Jachowski, $480,000. Myersville Rd., 8620-Arthur D. Tringali to Jason B. and Patricia M. Leffson Nalley, $355,000. Springbrook Ct. E., 7311-David T. and Mary E. Sweeney to Anita L. Bright, $192,296. MULLINIX AREA Autumn Ridge Ct., 902-Robert H. and Terri L. King to John F. and Jessica E. Fisher, $452,500. Foggy Bottom Ct., 13887-Delores A. and Theodore L. Schwartzbeck to Virginia Elizabeth and James Arthur Lagger, $442,000. Mitchell Ct., 13904-Luke Tanner and Beth Mitchell to William J. and Jessica M. Walker, $648,000. Streamview Ct., 6204-John and Barbara McIntee to Steve Kelbaugh and Suzanne Shipley, $499,900. MYERSVILLE AREA Hunters Knl., 1007-Jay Eric Rhoderick to Jeffrey and Lisa K. Gottlieb, $610,000. NEW MARKET-LAKE LINGANORE AREA Beach Dr. E., 6617-Daniel B. and Kellie C. Ganoung to Charles J. Franco Jr. and Leslie Wang, $255,000. Country Club Rd., 11233-Gary and Sharon Witt to Anthony Paul and Stefanie E. Lavin, $455,000. Fox Chase Rd., 6925-Raymond J. and Cynthia A. Geraghty to Matthew and Shanna Bahen, $400,000. Isaac Russell St., 534-New Market Residential Corp. and Oak Hill Properties Corp. to Sean A. and Kristen L. Chaffman, $520,000. Meadowlake Rd., 6933-Lisa Hamlin and Brian St. John to Andrew Spangler and Jennifer Hake, $495,000. Richard Roberts St., 400-New Market Residential Corp. and Oak Hill Properties Corp. to Nila Via, $520,000. Shalom Ct., 10003-MS Aspen North Corp. to Brad Michael and Courtney Renee Bahr, $500,990. NEW WINDSOR AREA Wildrose Ct., 15610-Timothy L. and Deborah A. McQuay to Kenneth Eugene and Elizabeth Ann Lamb, $347,500. ROCKY RIDGE-CREAGERSTOWN AREA Motters Station Rd., 14619-Bernard J. and Dawn Marie Hobbs to Zachery Bryan Fritz and Heather Michalena Pozzouli, $269,000. THURMONT AREA Moser Cir., 224-William D. Shadle and Brooke N. Hildebrand to Minerva Carrasquillo and Alex Vazquez, $196,000. Stoney Mine Ct., 3-Corey A. Totten to James R. McGrady, $299,900. Utica Ct., 10849-Thomas J. Ledwell to Brandon M. Smith and Ashley A. Brown, $475,000. URBANA AREA Bartonsville Rd., 5817-Landmark Investment Properties Corp. to Michael Kevin Walsh and Sheryl Anderson Fast, $285,000. Belvedere Dr., 9099-Wilmington and Lehman XS Trust to Naseer Nayeem and Huma Hakim, $565,950. Buckeystown Pike, 4310-Jonathan M. and Elisabeth C. Clinton to Leslie Curtis and Mitchell R. Poe, $500,000. Dunraven St., 9443-Greg A. and Elizabeth G. Warner to Dale Anthony and Linda Marie Urlacher, $400,000. Hawk Ridge Rd., 5518-MS Gladhill Farm Corp. to John Austen and Corinne M. Carter, $484,960. Kenway Lane, 9148-Damian and Eboni Williams to Adrian A. Dragulescu and Christina Masterman, $420,000. Pine Bluff Rd., 8415-MS Gladhill Farm Corp. to Thomas D. and Eileen M. Lantzas, $470,000. Singleton Terr., 3717-Mihallaq and Brunilda Dhima to Melissa C. Altieri and Patrick J. Wenzler, $370,000. Urbana Pike., 3625-Robin Michael and Christine Rochelle Reeder to Shuang Guan, $350,000. Wyndham Dr., 9752-William M. and Tina J. Cullum to Shawn I. and Juliet D. Hossain, $589,900. WALKERSVILLE AREA Discovery Blvd., 8526-Healthy Homes Corp. to Stephen J. Green and Janet L. Brumer, $195,000. Old Island Ct., 202-James F. and Shelly L. Mullen to Sabrina E. Smith, $447,000. WOODSBORO AREA Coppermine Rd., 11207-Bradley W. and Amber L. Seiss to Anthony and Charlene Bishop, $615,000.",396,2,0.56235063
95577a8b354f4d396d5900e4a7303c86e65ecc60c162eb71a78041db89e7e1f5,thai political protests paralyse more ministries,thai political protests paralyse more ministries,195,4,0.53514946
95b739e5c335cd2c9e20f1d8c240641128c8b74a85152fdd6acd6d0760076b14,"A girl in water, with goggles and swimming cap.","A girl in water, with goggles and swimming cap.",332,6,0.61576533
9650072e3638a0ba5f5c788b6f4611b9c1d7f7369946e8feb8bea9a3777fe877,a dog is running toward the camera .,a dog is running toward the camera .,644,5,0.46356812
9667a19c35518ce0429aec19f78ad074d5d2d1484b9c8fbf3d43e0dcc5d5cdbf,A person is making a bed,A person is making a bed,601,0,0.5348591
9671e0352e6607aedf01b6e880603854c058bb0d5319f82597395b36610c9575,military plane crashes in south france : authorities,military plane crashes in south france : authorities,865,4,0.4905399
9908ee54b5acae30a5d3762f6405ac7908f9f5db2d8802eb96e7fa4a6627aa76,A group of people are ice skating in a big city.,A group of people are ice skating in a big city.,899,0,0.6244341
9aed4985bd8a633aded948781747804fb9d8d1dd44b1d13c2ce26a33799dfe64,a man is playing a harp .,a man is playing a harp .,457,0,0.5820645
9b058a66f3a4eca204b5a829ce62681baf04815b1344c3ae585afcb6f1a52bd6,both components need to be in closed paths .,both components need to be in closed paths .,199,3,0.45785433
9c66c13b3e0e1c443e01fcfc65e3b41211e2fbc3ff6cdcf0e6bbcdadf969d26e,tunisia opposition leader slain ; protests erupt,tunisia opposition leader slain ; protests erupt,828,4,0.4280931
9d0f9a5fa1911aa8052d7e0d0bf53d13ac4689c3bcd9e4604502a60988af68ad,British Girl And Grandad Drown In Portugal,British Girl And Grandad Drown In Portugal,623,4,0.5006083
9d2914e54bd55ed0118c200c0f28b47fa2c376ced1b301d8bc3957b0ca12276f,a dog is looking into swimming pool .,a dog is looking into swimming pool .,893,5,0.52205586
9e98edcff5d4d6daf0977f36cb6ae7f5b950377c87a472cf86741fb3f60a68bd,clinton : we can make a difference,clinton : we can make a difference,476,2,0.55805004
a09923c4e89ae33f6f84c2c7df4a74829a3f09e2229e7c50337b15b59d392099,menendez faces possible corruption charges,menendez faces possible corruption charges,515,2,0.5854816
a0b52276ee75b60eb82350d9cd99913f49b1ba2701ee2a205e2042b96d13f798,A boy is not playing a guitar,A boy is not playing a guitar,911,6,0.4449079
a1e496d93e76a218e5e1b50b96336e45d462572e704440f0c201e9ab0f55efae,"a living room with a blue sofa , camp bed , wooden bench and dresser .","a living room with a blue sofa , camp bed , wooden bench and dresser .",601,0,0.5790384
a28bf6f0b5b7219eb3305613fe47191e99be84e4eeca0d57b69f901f9f87248f,a black and white cat lying on a blanket .,a black and white cat lying on a blanket .,329,0,0.6062905
a357ba31cc8a401dc9a6cbec4825abe585cdd0108d35891402284a3e7e71e96c,6.4-magnitude quake strikes off indonesia,6.4-magnitude quake strikes off indonesia,946,4,0.52203596
a765ff509c4b4d6bcebe2004f0e8a02d3b8e644a2d99d13e4706c7df74d306d6,There is no man putting some cheese on a pizza,There is no man putting some cheese on a pizza,43,6,0.5414699
a7c92dfa7f11bc59da0ad58ab47f78c6d952574f80020e1c65064edec4f63e51,There is no person riding a jetski in the waves,There is no person riding a jetski in the waves,0,6,0.48679265
a8bc102acaed5a5a5c7190e1bd8cbbefc038278b578b72cde91c3d154a6e8459,The companies said Idec holders would own about 50.5 percent of the stock of the combined company.,The companies said Idec holders would own about 50.5 percent of the stock of the combined company.,149,7,0.5443841
a931b5a39ceb36a04d71fe04d4e742a0ecfa092db59ced2589d8f12e20457efc,this means that inheritance is used when types have common factors and these would be put into the superclass .,this means that inheritance is used when types have common factors and these would be put into the superclass .,158,1,0.58244073
ab5aa30fa5aa3a3519642276bed513c0e21b98ce33c6b7335f2b08cd64bbffae,a state or act of gaining pleasure,a state or act of gaining pleasure,521,1,0.49643126
ac3f64d5b913f4825dfb60b54463f787a971562e220c3430946c6416a81e675c,ukraine will not give ' an inch ' over crimea,ukraine will not give ' an inch ' over crimea,29,6,0.63059646
accaf6b950f9ef2d27362f4015b67c5d9e4d4e3d56191e7d533378ff300af668,reach or come to rest .,reach or come to rest .,486,1,0.4667301
ae874b808abe870bfc9c697ed6aeff6a30ef7c364ff350348402f1c719a8a80e,bomb blasts before indian opposition rally kill 4,bomb blasts before indian opposition rally kill 4,537,4,0.45550567
aeb120a729ec2c32139739cc54015731c24304c92425411febc5b817c6d8d2eb,"5.9-magnitude quake hits sunda strait , indonesia : usgs","5.9-magnitude quake hits sunda strait , indonesia : usgs",946,4,0.5185347
b149d6bbf727012c660b42f153b5ce2d0fb1d2a0a33537ea92420083e970a9fb,"the men had pakistani passports and reportedly were seen together at the airport earlier in the evening , law enforcement sources said .","the men had pakistani passports and reportedly were seen together at the airport earlier in the evening , law enforcement sources said .",282,4,0.55560833
b14eb61a01915a43f4e3a7c4dd9c49be3e188adcc045249dd6ef6fe76dc2d45e,A man with a bicycle at a coffee house.,A man with a bicycle at a coffee house.,412,0,0.56717956
b1b30f52c861fb1b11a80304feed791c675284cac064bcc0b215779e3b451fff,"over 50 , and under no illusions over 50 ? invent yourself everyday !","over 50 , and under no illusions over 50 ? invent yourself everyday !",392,1,0.53318125
b4d9bc2ab5b70dd706a902507aa7e156373e2dd96e4b9d87b28e5ae3589755d7,black and white cow standing near pile of snow .,black and white cow standing near pile of snow .,249,5,0.5291355
b5a65a71c8b990617f1f13af247723005c01cb3e3bfebf9b0a2cb6cb2781621c,The machine shaved the end of the pencil.,The machine shaved the end of the pencil.,649,3,0.5529255
b65b449b3d9cf29864beb370264e92c5e6ccb2c22adf249e8230cc9cc2c410f0,"WorldCom's accounting problems came to light early last year, and the company filed for bankruptcy in July 2002, citing massive accounting irregularities.","WorldCom's accounting problems came to light early last year, and the company filed for bankruptcy in July 2002, citing massive accounting irregularities.",346,7,0.5087602
b7b8ffd43d87b89a0251c300085ef25775b0c9bde7116fa574f97f3b27d3a1ae,"impose , involve , or imply as a necessary accompaniment or result .","impose , involve , or imply as a necessary accompaniment or result .",37,1,0.46526253
b8c33c69d3be7e4d2d9662c6f6e537cd8225e2fd6a594beee8d2721bc2e67677,terminal 1 is connected to the positive terminal,terminal 1 is connected to the positive terminal,926,3,0.4665392
b8e0e4f3e95ae90f32428f5746e80cf59843fde33e2344b038245373895d4846,: - <unk> hmv gone into bankruptcy equivalent ...,: - \ hmv gone into bankruptcy equivalent ...,171,7,0.51633596
bb0d69ecca4bff39a169b7b953a385504d671b5dd4ab817695e19791e11af5aa,the man is going into the water .,the man is going into the water .,269,0,0.5500444
bb1ce9b47c94c2c78e51b18a3dfe2ded90bb6e5b3755d9d029da37222d3c961f,a man is playing the cello .,a man is playing the cello .,279,0,0.5719949
bc5a9f51131ba12003190c9138f35af17f49afe67359b3d4ffec8bec8be2ea03,US government 'on the edge of shutdown',US government 'on the edge of shutdown',516,4,0.56339127
bd64fbba78a716378cb2822e01867a40a490fa50d51294493252f6160ac97a65,urge with or as if with a goad .,urge with or as if with a goad .,661,1,0.43588692
c213d770d9702273acf94402e5603380201e463151d972c565f247f1ef407ea1,"In myelopoiesis, miR-223 has been shown to regulate granulocyte development in both humans and mice.","In myelopoiesis, miR-223 has been shown to regulate granulocyte development in both humans and mice.",76,2,0.5504674
c2504ec3995a953fd2cbc4d0125676c077b7cb359c66f386b0da79ed36ad788f,( parliament adopted the legislative resolution ),( parliament adopted the legislative resolution ),19,2,0.5467193
c2f61848c1d6e26342c1d93f146cbdbdba8d41a13acc1764dde30495430d1256,a visit to libya by the russian foreign minister was announced .,a visit to libya by the russian foreign minister was announced .,373,2,0.51518303
c317ecdd8b3003689aec81d9a0ae60c0790c808d6fa496303decfd0c1cac57e0,afghan parliament votes to oust key ministers,afghan parliament votes to oust key ministers,256,2,0.51017565
c34096e0bdca5f90f75c8d14f98ce2ed90749d5d23fd3a2e317bf219db1fd03e,Someone is drawing a person,Someone is drawing a person,505,0,0.50238365
c4e11f158f79d2780aabd0eb41884344f99c4f0808d3cbb0ee6a9ade6f89bc63,this further aggravated the situation .,this further aggravated the situation .,263,1,0.5988179
c5702562f18211af545609673ba1a06c5768dc32470c41991024443c24bb81a5,obama calls for international front against is,obama calls for international front against is,466,2,0.54755646
c57556bcae4a2f15829928eb1fbf27d6a2f85700a4ec6623d881d3960cafe6fc,The little boy swung at the golf ball.,The little boy swung at the golf ball.,195,0,0.66716886
c723483134a38d56b56bf0b9166922eea4d15d9d85a2dd56f6eda9ef9b501f2c,the switch has to be within a closed path with the bulb and battery,the switch has to be within a closed path with the bulb and battery,839,3,0.36728036
c81e28af871ce8067ee87b3602f0a5e671c10f4df23248f0c729ceb50ba1a604,A large white animal is jumping up in the snow,A large white animal is jumping up in the snow,514,5,0.47949237
c83748828fc5669c2ac9a6e70ebd7f79baecd65ffb82e09a61795f4fbfb34252,"A dog, which is brown, and a black one are running in the grass","A dog, which is brown, and a black one are running in the grass",514,5,0.49959597
c9dae40235d7085d688edffad19e4b1e53931d6b5935b46301d58ac1d69b0769,bulb a was still in a closed path with the battery,bulb a was still in a closed path with the battery,928,3,0.39949068
cb60ee12d672fe4aa0b614eeb2a7a61c82b87d07385f52fab364829358e1acf7,"this frame contains transparent nouns ( and some adjectives ) denoting quantities of a mass or of individuals. as opposed to aggregate words such as group , set , these quantity do not have a status as wholes on their own. initially , at least , we annotate both quantity of masses and of individuals in this frame , though we may split the frame along these lines later on .","this frame contains transparent nouns ( and some adjectives ) denoting quantities of a mass or of individuals. as opposed to aggregate words such as group , set , these quantity do not have a status as wholes on their own. initially , at least , we annotate both quantity of masses and of individuals in this frame , though we may split the frame along these lines later on .",172,2,0.48589954
cc3aa7a78b85ac9b89be85b37e14d77ed36b62475e9ddb0bad666063379f7279,"quotes from leaders , family at mandela memorial","quotes from leaders , family at mandela memorial",430,2,0.541203
cd33f3d4f395713a9acf2254fce1f71b339bc1fd73ef2ae77e3d75ca8e3876f7,"i 've only made a couple of bbq sauces , but they 've always come out really well .","i 've only made a couple of bbq sauces , but they 've always come out really well .",175,0,0.69646394
cd3e878086cf8cb2ff201dc407013040c6515e1ff7067617e0fa8f08dcb55005,( medicine ) the capacity of an organism to defend against disease .,( medicine ) the capacity of an organism to defend against disease .,334,2,0.5263782
cdb979e83456dbab91f0cdc4ab6e54b5aead4942f9742baad6e0e1d711123520,djokovic : 3 aussie wins in a row,djokovic : 3 aussie wins in a row,250,0,0.6110137
ce40db1f4b1cecc6f7194dba5d6590138437abf51f5c930eab3bda6adfe0a09d,a black dog is running through the grass carrying something red in its mouth .,a black dog is running through the grass carrying something red in its mouth .,953,5,0.48498693
cfe93035133995dc90c2608b2785c0c9fefa83bebf0336441946e6080524b706,exhaust by allowing to pull on the line .,exhaust by allowing to pull on the line .,427,1,0.47549114
d1d24e02c73a1a67641d65bc350c866ef27e370ecca11721bd02c0f2e86b3963,An animal is being ridden by a woman,An animal is being ridden by a woman,313,5,0.5439122
d314dcc98d66af26ec52e2f1b9fa5e5045fca292b82a48bfc94307ec081dddc4,Some Syria violence qualifies as civil war -Red Cross,Some Syria violence qualifies as civil war -Red Cross,537,4,0.52994335
d322eee6e650fa57c3100141a9810ab2a8690bc161e53059e50dc37025b2e01d,assange appeals extradition to uk 's top court,assange appeals extradition to uk 's top court,466,2,0.5800995
d3a20a798c0952682a10af74eafa4dc447a5417413df3a0d2a3ee37a9cedf9a7,a man gets knocked off of a horse .,a man gets knocked off of a horse .,834,0,0.56865853
d4d0fb204f045bf8f08a4b5d504498af8e0e8f8fd19cb3e2e3d81afb041f90ca,idolize / show devotion to,idolize / show devotion to,309,1,0.52148473
d562ae82165d4923b09c3038a0d45d78aca2eb9637027f18ea8963e67f57ae2d,a passenger jet flies through the air .,a passenger jet flies through the air .,471,5,0.57722855
d75d28520a1ff601bbbdba8b9e20d5348728c11ab0c8fab12d3a121e6bfbe377,"the pour : in describing wines , 5 words not to fear","the pour : in describing wines , 5 words not to fear",552,1,0.5567017
d7d40abd8494019204d67ab636282ca34b355e46157dc2dbd9c0daa49796706d,Chinese stocks open lower Friday,Chinese stocks open lower Friday,674,7,0.43037274
d944ba89127d2bdf67e784dcf11941d4309d6dea096465b0eb475567611735f2,manila to increase counter-terror team,manila to increase counter-terror team,434,2,0.51611567
d99ca3543f66f779ed3f9ab03b12096f660945ff9d16f1eb2e45c87a26c3fabe,A person is stirring vegetables in a pot.,A person is stirring vegetables in a pot.,336,0,0.57504207
da0f9a1cceaf9afd3dc8b424c9b2208ef3b6db746480f91384f1b86322741239,"the international atomic energy agency has no access to people , documents , sites .","the international atomic energy agency has no access to people , documents , sites .",137,4,0.6631873
e265993c53dd89cf07139ad126b14f7858deeda785418dfeede917eb41b50a63,you have reached a point where the terminals are not connected to each other .,you have reached a point where the terminals are not connected to each other .,710,3,0.44239256
e374c168d4f26dc1441212b95f968c681e4063e1ae177b2622f06060eb8a86df,create an electrical short in something .,create an electrical short in something .,352,1,0.5549757
e4225aa0817b1e6ab458c67666d1d060284c628471d04c092b41ee55204ddfd7,A black dog is playing with a brown dog on the sand,A black dog is playing with a brown dog on the sand,957,5,0.55058426
e44b33763d39740751d168aabb8476e17ab017a312e218cffd5e90f14334518c,'iron man ' jetpacks spark concerns,'iron man ' jetpacks spark concerns,412,4,0.5845418
e4687480e333aacad84985237036bc02fcf6e071808cbe687cbddb2110ae05d5,a train sitting on the tracks near a field .,a train sitting on the tracks near a field .,256,5,0.5345296
e487637af856c515fe5de6e4df967f8c66faa31924b9eeb67ab66f6d46ba3622,"er diab ... "" : at least 245 killed in brazil nightclub fire ""","er diab ... "" : at least 245 killed in brazil nightclub fire """,975,4,0.45690358
e51172a60a1dbbc2f06ebbf967cd425c4d674f1a6e549f1ca7bef5554446e77b,The players are kicking each other while attempting to kick the ball.,The players are kicking each other while attempting to kick the ball.,722,0,0.6343736
e5c449458c3aacdbcda3a03af4236ede338139ad36a7d86bb5fd02f12ded1815,palestinians build another west bank tent protest,palestinians build another west bank tent protest,440,4,0.5710999
e6263d846e6f0ad20e5292a7109b2897054dbcc00646052adf34860fc583c22f,A man plays a guitar.,A man plays a guitar.,427,0,0.5302039
e6b6396fdbfb5fd4cc6b65bf03a78b3ecbddae8194bc22703c019e90a54880f0,Rugby players are tackling each other,Rugby players are tackling each other,722,0,0.62469697
e709fdf3358228a706812cb87f82fe3683a8b2b3f9834b1262059ab6e3e3387a,A lemur is eating,A lemur is eating,301,0,0.61708194
e7c2aa284261b9ec782e3f819dafa1ea44b38f1125dc48afe23df907a64ae4e2,this is the primary frame evoked by the cardinal numbers .,this is the primary frame evoked by the cardinal numbers .,436,2,0.5238121
e8d6e120d08fb5079209215f5b9d8aef63edaadbbc78465acb6c906c119521af,"kentucky : republican ernie fletcher , a three-term house member , is battling democratic state attorney general ben chandler .","kentucky : republican ernie fletcher , a three-term house member , is battling democratic state attorney general ben chandler .",420,2,0.5520913
e9c5d3583fd69fe7f83f6972cb2379ff3a6870441818923a5312ee9f94d9c4ab,you need to pick how and where you want to place your foot and do it .,you need to pick how and where you want to place your foot and do it .,556,1,0.5240863
ea0258d65023fa01fb6a47784817c7cf86f967a7f7c1aab177f923fef03ec461,A shirtless man is leading a horse that is pulling a carriage,A shirtless man is leading a horse that is pulling a carriage,211,0,0.5706313
ec8135c07ed08ce3585244ba46677c5d3134f8e5c410933a439b0652d416b2fa,"Corixa's stock barely flinched on the news, dipping 12 cents to close at $6.88.","Corixa's stock barely flinched on the news, dipping 12 cents to close at $6.88.",418,7,0.4276049
ed398547b3d85dbf63f2c723b1e87e155ef969c97df7b1ac43b38e45ddf3c901,"i don 't know how legitimate this is , but i heard he 's kind of suicidal .","i don 't know how legitimate this is , but i heard he 's kind of suicidal .",293,4,0.58155316
ed89944f789cb49dd4ad678becd382af0e17eac87344278634dd2ed4863a478e,gap between 3 and positive battery,gap between 3 and positive battery,395,3,0.4990347
ee10ce62337d8c5149c5461be7f6d554fdaef5625af83fb1a37ad3da99575e4b,A large dog walks along a gravel path in the woods.,A large dog walks along a gravel path in the woods.,373,5,0.48779708
ee9380e1f4b4acb9b0f9ebdec5c7a24eb2d8c21652afe85eb978e38b3054bfe0,terminal 1 and terminal 2 possess no difference,terminal 1 and terminal 2 possess no difference,71,3,0.50970495
ef976f2b7592e20ca34992114bb94a8dc3a83ba33a9f51d17d2616fd196a4954,"It was developed with consultation from more than 300 leaders in academia, industry, government and the public.","It was developed with consultation from more than 300 leaders in academia, industry, government and the public.",12,2,0.5618994
f216145889279b860f4840021d8de2e69a3e926f0bd80937d5cd8434506da76c,You have a problem.,You have a problem.,556,1,0.5449016
f2769c2bf526800b7512aa0bd4ed63291559bd6f17b8efd7d91976b9cf58328a,generate the optimal solution of these computed values,generate the optimal solution of these computed values,137,2,0.6045667
f3e4ce3d559f9dd2bb9729451e3777c50c4367ad75362abde0469410dfc9d348,ten killed in alaska plane crash,ten killed in alaska plane crash,837,4,0.4931096
f44ac3e395438a4f2efbeea5fcff80e1c4db89ad5c2b0c640a8fff24afcce65f,The girl isn't jumping onto the car recklessly,The girl isn't jumping onto the car recklessly,330,6,0.4930818
f47f809e8e704182b792fd2c0d8c508b3a4be89688d1f7d8403feda17a130160,"the offer is also subject to goldman signing an agreement with drax 's senior banks , senior bond holders and hedging banks by sept . 30 , it said .","the offer is also subject to goldman signing an agreement with drax 's senior banks , senior bond holders and hedging banks by sept . 30 , it said .",185,7,0.57065684
f596c058c76316d0114d167d571be1fe6d4dd52bff26d0b56412b9c80997a534,someoen is playing guitar .,someoen is playing guitar .,876,0,0.49653158
f5aaafff02450abb729229e425a87df07647ed7988251e90c2b10e1017b53638,A hamster is eating some seeds.,A hamster is eating some seeds.,240,0,0.632252
f6344f8a5709c303d4dd43b1318aa642bcaadd70fa30354b5b6cfa0fb0d0429e,a dog is riding a skateboard .,a dog is riding a skateboard .,226,5,0.5111268
f70b19b3a9574db712f1344b38658fc6701dbe8a67589039f34a4af9966ada3d,"stop for a moment , as if out of uncertainty or caution .","stop for a moment , as if out of uncertainty or caution .",430,1,0.46408862
f87081e346aad7d80bb94b17fa8a7416841b2e919981541e77f53171e93d0455,press releases : yemeni presidential election,press releases : yemeni presidential election,307,2,0.5120732
f92e978fb5d9325ac760afda0fc6393b72b9f66f61dd03a1f62bfe158b0c8004,the girl is on a swing .,the girl is on a swing .,930,6,0.5665343
f954c9d8b9e4fb972422e11bf16093bc7a440b8907c9c3d0167fa8d9d865c410,u.k. prime minister defends decision to seek e.u. vote,u.k. prime minister defends decision to seek e.u. vote,428,2,0.5306916
f96392db365791ce8074d022dd3f3505d57d8ab188637d5001e96fdb33f7201d,thai protesters obstruct vote ; 1 dead in violence,thai protesters obstruct vote ; 1 dead in violence,828,4,0.47048512
fa4cd29c654aeebe4752f4dc87fae845f55bcc250f69bd84c1d0f6b50939464e,A woman is standing and isn't looking at the waterfall,A woman is standing and isn't looking at the waterfall,282,6,0.50463295
fb0ccbf027f1c3ead9bc30a9334fff5dda99758440104912caf747cc9e4e2e6f,Two women are dancing and singing in front of many people,Two women are dancing and singing in front of many people,502,0,0.62156534
fbd5bf8f28e11eba7d80f67fb268afc2114c757e0e68cffbf643f72151123f88,a prominent attribute or aspect of something .,a prominent attribute or aspect of something .,667,1,0.4910694
fd127e6d6094e6c9ce064a90241c53fc5b0469eb395e253290a92673a22b7cbc,"Now that the 2020s are officially upon us, it's only natural to wonder what the next decade of PC gaming will bring. Better graphics and faster hardware are a given, but considering how blindsided we were by some of the past decade's biggest, weirdest surprises —like loot boxes, Steam Early Access, and battle royales—it's also a safe bet that 2020 will have some strange surprises of its own. So everyone at PC Gamer is dusting off their crystal balls to try and predict some of the biggest stories and trends that will happen over the next 10 years. Riot becomes the new Blizzard Robin: Blizzard’s fortunes have seemed increasingly shaky over the last couple of years. Just when you thought the most unpopular thing they’d do in the decade was announce a mobile game, they decided to spark an international incident. Stories from inside the studio are troubling, too, with reports implying that the company culture may have been","Now that the 2020s are officially upon us, it's only natural to wonder what the next decade of PC gaming will bring. Better graphics and faster hardware are a given, but considering how blindsided we were by some of the past decade's biggest, weirdest surprises —like loot boxes, Steam Early Access, and battle royales—it's also a safe bet that 2020 will have some strange surprises of its own. So everyone at PC Gamer is dusting off their crystal balls to try and predict some of the biggest stories and trends that will happen over the next 10 years. Riot becomes the new Blizzard Robin: Blizzard’s fortunes have seemed increasingly shaky over the last couple of years. Just when you thought the most unpopular thing they’d do in the decade was announce a mobile game, they decided to spark an international incident. Stories from inside the studio are troubling, too, with reports implying that the company culture may have been changing for the worse for years. Meanwhile, Riot’s made its play, announcing a billion games and an entire multi-media empire in one press conference. I don’t think all its gambles will pay off, but I could easily see its star being more ascendant than ever over the next ten years, while Blizzard’s increasingly dwindles. Fraser: Riot’s had even more issues that Blizzard, and while it’s designing several games that will inevitably compete with Blizzard’s, I don’t think it’s ever going to reach the same heights. It’s arguably been squandered, but Blizzard’s long legacy is part of the reason that, even now, it’s beloved by a legion of fans, whereas Riot has one game that’s infamous for its toxic community. I’m not sure how Blizzard is going to come out of the next decade and I wouldn’t be surprised if its popularity did dwindle, but I’m don’t think anything will replace it. Steven: Sorry, Fraser. I'm with Robin on this one. That one game you mentioned also happens to be the world's most popular with a daily player count that probably beats every Blizzard game combined. Toxic community notwithstanding, I think Riot's aggressive expansion is similar to Marvel's Cinematic Universe and has all the potential to be just as popular. (Image credit: Electronic Arts) BioWare fades away James: Dragon Age 4 sounds nice, but it can't land too short of Modern Classic if BioWare wants to bring back its former reputation as one of the better big-budget storytellers in games. With so many new vacancies left by longtime employees and the constant shuffling around of those who remain, my faith in BioWare's delivery is at an all time low. To be clear, I'm not hopeless, I'm just... not optimistic. Steven: I agree. I think this tail-end of the 2010s has shown that nothing gold can stay and sometimes beloved studios lose their way. With BioWare, I'm increasingly worried that they're no longer the studio I fell in love with 20 years ago. There's too much riding on Dragon Age 4, and that makes me worried that if BioWare cracks under the pressure again it'll be another Anthem-like disaster. VR finally breaks through Tyler: VR won't replace screens—that'd mean the death of popular genres, and be totally inaccessible for some—but by 2030 it will be much more popular. All-in-one headsets with built-in tracking will accurately detect the movements of our feet, hands, and joints, as well as our facial expressions, making our Sonic meme avatars extremely lifelike. James: I'm not convinced. I mean, I think it will be more affordable and accessible, but I think the inconveniences will quickly outweigh the novelty. Wearing a big headset, closing yourself off to your surroundings, holding a bright magnified image inches from your eyes—the effect is astounding, for a while at least. And then it's exhausting. And then normal. The adoption rate will swell and deflate with every incremental update or 'killer app' until the promise of a virtual world isn't all that exciting anymore. Half-Life: Alyx will be great, though. Chris: Maybe, but I think it's still going to give a lot of people motion sickness, which is something that might get even worse as the fidelity of VR gets better. That means a lot of people will still be slowly teleporting around inside games rather than using normal locomotion because it just messes with our brains and bodies in ways that no amount of technology can solve. Motion sickness is going to continue to keep VR a niche interest and a cool novelty rather than a breakout phenomenon. (Image credit: Mundfish) Ray tracing and 4K become the new standard Tyler: At the start of the '10s, people were complaining about not being able to read text on their SD TVs. In the decade that followed, 1080p became normal, and then 4K TVs became normal. Still, true 4K gaming (as in, no upscaling) is considered high-end today. This is a boring, conservative prediction, but I'm going to say that'll happen again: 4K fully replaces 1080p and 1440p sometime in the '20s, and by the end of the decade, 8K and up are the high-end choices. James: I'm too dumb to nod my head at the ray-tracing bit, but I'm fairly certain 4K will be the new 1080p. Just 10 years ago, the most popular resolution was 1280x800 . We're on pace to make 4K the norm. But what then? 4K is enough, right? What then? PC hardware advances will slow way down Jarred: I'm going to piggyback off Tyler here, but focus on processors and manufacturing technologies. The fun prediction would be to assume Moore's Law is alive and well and computers continue to progress in leaps and bounds. The reality: we're hitting a wall. Actually, we've been hitting walls for the past decade, but each new wall becomes taller and thicker. Ten years ago, a state-of-the-art CPU was manufactured on 45nm tech, and GPUs were on 55nm. We've gone through three or four transitions since then (32nm, 22nm, 14nm, and kind of 10nm for Intel; 40nm, 28nm, 16/12nm, and 7nm for TSMC). Ten years from now, I expect three transitions at most (eg, 5nm, 4nm, and 3nm), but the real improvements from each process shrink will become less noticeable. A Core i9-9900K or Ryzen 9 3900X will still be doing okay, but your graphics card will have been upgraded several times, because 4K 144Hz gaming isn't happening on today's GPUs. James: The time for smellovision is nigh. (Image credit: PUBG Corp) The most popular game is from a genre we've never heard of Tyler: Battle royale games didn't exist in 2010. Neither did autobattlers like Dota Auto Chess. Roguelikes were just starting to make a comeback as 'roguelites'. No one was using 'walking simulator' as a term of endearment or criticism. No one was searching for the term 'soulslike' until 2015. There were no 'strand games' that I can recall, because it's something Hideo Kojima made up. Only time will tell if he's on to something. James: Like, what's going to be so new that Fortnite kids think it's too obtuse or naive to get into? I couldn't have predicted Fortnite, but I'm thinking whatever comes next will come from the increased scale and level of simulation new technologies will allow. Better graphics aren't the thing, I'm thinking about how the novelty of 100 people shooting each other on an island was enough to birth BR. Layer in way more and much deeper systems, be it weather, physics, building, lighting—whatever really—and the new ideas will spill out of the dev scene and onto the internet. That's my aspirational take. It'll actually be something that emerges from dumb luck. We won't buy PC games anymore Harry: Ok, hear me out. I'm not saying we're all just going to up and put down our mouse and keyboards en masse, but by the end of 2030, individually buying games to keep will just seem weird. Services like Xbox Game Pass for PC will be joined by others looking for a lucrative slice of the subscription-service pie, and become ubiquitous. Just like Netflix, Amazon Prime, and Hulu did for the small screen, we'll be juggling various Game Pass-like products and never really own anything. Because we're millennials and don't deserve to. Rachel: I don't think we'll buy PC games anymore because I feel a majority of games will choose to take the free-to-play route. Many of the biggest games right now are free-to-play and I reckon this style of business model will be an overwhelming majority in 2030. Fortnite's micropayments model has overwhelmingly proven that it's a viable route for gaming companies. Instead of buying games, the focus will turn more to buying in-game virtual goods and premium features. (Image credit: Bay 12 Games) Dwarf Fortress simulates meta consciousness, dwarves realize they're inside the simulation Dwarf Fortress creator Tarn Adams has said he wants to simulate all the ""narratively interesting"" aspects of existence, and I'm betting that means we'll 100 percent have a Dwarf Fortress Truman Show moment sometime in the next decade. Dwarves already have complex mental and emotional states, so it's not a leap to imagine them becoming self-aware enough to realize they're fictional beings inside a massive simulation. The question is, what will the do when they find out? Loot boxes will be a thing of the past Robin: Though some of their stealthier forms might survive—‘card packs’, for example—I think your run-of-the-mill loot boxes aren’t long for this world. There’s just too much scrutiny on them these days. If government regulation doesn’t kill them, publisher skittishness will, and they’ll end up banished to the same graveyard online passes got chucked in. The catch? I think they’ll be replaced by something even more insidious. James: Loot boxes will just get supplanted by data collection psyops. Destiny 2 is almost already there, a collection of feedback systems on a micro and macro level, from the recoil after pulling the trigger and the gas escaping from where the Cabal's head used to be to the little sound and animation that plays when turning in a bounty. Service based games are endless fonts of granular information, so the structures to tune player experiences to the individual will likely take shape. Attention will become a higher priority than how microtransactions are presented. We might see them disappear completely. (Image credit: Bethesda) Bethesda will stop making singleplayer games altogether Chris: Bethesda will release Starfield and The Elder Scrolls 6 at some point in the next decade, but after that? I wouldn't be completely surprised if we never saw another traditional singleplayer RPG developed by the studio. I don't much care for Fallout 76, and I'm not alone. But there must be tons of people still playing it because it keeps chugging along, and even the resoundingly unpopular Fallout 1st subscription has plenty members—pop into a session and you're bound to come across a few. I expect Bethesda will get better at making online games this coming decade, and if they do the focus will drift away from singleplayer RPGS entirely.",498,2,0.5457559
ff3638b3a523e1401345b3fd5bfc0483c23fc50ea3e33853e18890dd0def6c51,"if you want to buy $ billion in xyz inc. common stock , who cares ?","if you want to buy $ billion in xyz inc. common stock , who cares ?",498,7,0.54549307
