0,1,2,3,4,5,6,7,8,9,10,11,12,13,14,15,16,17,18,19,20,21,22,23,24,25,26,27,28,29,30
0.49836716055870056,0.5053346157073975,0.611956000328064,0.6499008536338806,0.6689169406890869,0.6949789524078369,0.7045744061470032,0.7103645205497742,0.7143431901931763,0.7155979871749878,0.716489315032959,0.717195987701416,0.7176715135574341,0.7180861830711365,0.7230671048164368,0.7231482267379761,0.7232049107551575,0.7232486009597778,0.7232767343521118,0.7233245372772217,0.7233287692070007,0.7215070724487305,0.7215604782104492,0.7215983271598816,0.7216342687606812,0.7216638326644897,0.7216895818710327,0.7217123508453369,0.7217321395874023,0.7217511534690857,0.7217679023742676
0.5122227668762207,0.5171165466308594,0.594751238822937,0.6155040860176086,0.636339008808136,0.6513922810554504,0.662860631942749,0.6719090938568115,0.6817441582679749,0.6904608011245728,0.6958666443824768,0.6999930143356323,0.7032465934753418,0.7059025764465332,0.7102285623550415,0.7134971618652344,0.7185639142990112,0.7199921607971191,0.7212071418762207,0.7233561277389526,0.7280422449111938,0.7290882468223572,0.7298860549926758,0.7305717468261719,0.7310832738876343,0.7315160036087036,0.7318336367607117,0.7325094938278198,0.7328380346298218,0.7330225706100464,0.7337383031845093
0.5292413830757141,0.5264395475387573,0.5661309957504272,0.6176372170448303,0.6508910655975342,0.6665234565734863,0.6780767440795898,0.6872257590293884,0.6942193508148193,0.7035138607025146,0.7092304229736328,0.7140909433364868,0.7181167602539062,0.7214947938919067,0.7257757782936096,0.7283568382263184,0.730755090713501,0.732542097568512,0.7363615036010742,0.7376295328140259,0.7403508424758911,0.7413753271102905,0.7421432733535767,0.7432091236114502,0.743693470954895,0.7441825270652771,0.7446049451828003,0.7453539967536926,0.745776891708374,0.7465839982032776,0.7469650506973267
0.5666407346725464,0.5716451406478882,0.6269437074661255,0.6780039072036743,0.6975176334381104,0.7112551927566528,0.7214206457138062,0.7313802242279053,0.7382813096046448,0.74285489320755,0.7465031743049622,0.7494897842407227,0.7519457340240479,0.752708911895752,0.7554188966751099,0.7577705383300781,0.7595705389976501,0.7608843445777893,0.7619689702987671,0.7628613710403442,0.7636008262634277,0.76422119140625,0.763663113117218,0.7643125057220459,0.7650597095489502,0.7670035362243652,0.7663683295249939,0.7668022513389587,0.7668588757514954,0.7673578858375549,0.7676889896392822
0.5739142894744873,0.5915374755859375,0.6519027352333069,0.688689112663269,0.6993367671966553,0.7047555446624756,0.7084318995475769,0.7111117839813232,0.7141795754432678,0.7174842357635498,0.7187579870223999,0.7197434902191162,0.7198073863983154,0.7208529710769653,0.7199402451515198,0.7218163013458252,0.7220404148101807,0.7221789956092834,0.72202467918396,0.7218193411827087,0.7219404578208923,0.722011923789978,0.7220622897148132,0.7220667600631714,0.7210294604301453,0.7210979461669922,0.7211594581604004,0.7212015986442566,0.7212343215942383,0.7212569117546082,0.7212734222412109
0.5744308233261108,0.5831594467163086,0.6726497411727905,0.699697732925415,0.7120895385742188,0.7178514003753662,0.725429892539978,0.7296870946884155,0.7325804829597473,0.7332853078842163,0.7337371110916138,0.733953595161438,0.7340978384017944,0.7341418266296387,0.7310507893562317,0.7311828136444092,0.7312833666801453,0.7313677072525024,0.7314316630363464,0.7315142750740051,0.7315338253974915,0.7304606437683105,0.7305158376693726,0.730552077293396,0.7305865287780762,0.7306162714958191,0.7306428551673889,0.7306662201881409,0.730685830116272,0.7307045459747314,0.7307207584381104
0.5863892436027527,0.5949448347091675,0.6946640610694885,0.722413182258606,0.7360552549362183,0.7525148391723633,0.7560229897499084,0.7594609260559082,0.7610691785812378,0.7618671655654907,0.7623217105865479,0.7625616788864136,0.7626464366912842,0.762688159942627,0.7609043121337891,0.7609415650367737,0.7609747648239136,0.7609994411468506,0.7610125541687012,0.7610486149787903,0.761024534702301,0.7584908604621887,0.7585712671279907,0.7586188912391663,0.7586635947227478,0.7587020397186279,0.7587343454360962,0.7587618827819824,0.7587857842445374,0.7588095664978027,0.7588300704956055
0.5947068929672241,0.5837347507476807,0.6345449686050415,0.6715368032455444,0.68513423204422,0.6951820254325867,0.6999677419662476,0.7114295959472656,0.7157849669456482,0.7180765867233276,0.7195825576782227,0.7175543308258057,0.7182966470718384,0.7186098098754883,0.7203786373138428,0.7205764055252075,0.7206417322158813,0.7206346988677979,0.7205905318260193,0.7186586856842041,0.7187350988388062,0.7187713980674744,0.7171453833580017,0.7172096371650696,0.7172448635101318,0.7172682881355286,0.7172872424125671,0.717300534248352,0.7173049449920654,0.7173041105270386,0.717296838760376
0.6025059819221497,0.6117578148841858,0.6516660451889038,0.6877509951591492,0.7031189203262329,0.7145007252693176,0.7229422330856323,0.7387979030609131,0.7502749562263489,0.7534533143043518,0.7580339312553406,0.7605046033859253,0.7651604413986206,0.7634148001670837,0.7638550996780396,0.7641079425811768,0.7642327547073364,0.7616999745368958,0.7614896297454834,0.7615915536880493,0.7617264986038208,0.7617764472961426,0.7617865800857544,0.7617678046226501,0.7617424130439758,0.7617141008377075,0.7616810202598572,0.7616459131240845,0.7616084814071655,0.7615674734115601,0.7615293860435486
0.6170640587806702,0.6306496262550354,0.6955164074897766,0.7409878969192505,0.7538655400276184,0.7735801935195923,0.7776051759719849,0.7797296047210693,0.7799994349479675,0.7815287113189697,0.7824146747589111,0.7827485203742981,0.7828975915908813,0.782996654510498,0.7799659967422485,0.7804980278015137,0.7805733680725098,0.7801446914672852,0.7793335318565369,0.7794817686080933,0.7794755697250366,0.7777461409568787,0.7778983116149902,0.7779667377471924,0.7776169180870056,0.7765753269195557,0.7767190933227539,0.7768466472625732,0.7769421339035034,0.7770185470581055,0.7770729660987854
0.6404609084129333,0.6504418253898621,0.6915979385375977,0.7399114966392517,0.7510371208190918,0.7582855820655823,0.7619905471801758,0.7655665874481201,0.7674952745437622,0.7688106894493103,0.7697656154632568,0.7705144882202148,0.7709946632385254,0.7711126804351807,0.7719789147377014,0.7725020051002502,0.7728027105331421,0.7729912996292114,0.7731289863586426,0.7732532024383545,0.7695082426071167,0.7695322036743164,0.7695673704147339,0.7693827152252197,0.7693887948989868,0.7694143056869507,0.7694251537322998,0.7685370445251465,0.7671493291854858,0.7672215700149536,0.767285943031311
0.6669773459434509,0.6522973775863647,0.7436670064926147,0.7706582546234131,0.7806175947189331,0.7834422588348389,0.7844549417495728,0.7839810848236084,0.782179594039917,0.7820934653282166,0.7819161415100098,0.777960479259491,0.7731034755706787,0.7733839750289917,0.7735458612442017,0.7737079858779907,0.7737661600112915,0.773777425289154,0.7716962695121765,0.7718906998634338,0.7720290422439575,0.7722232937812805,0.772254228591919,0.77226722240448,0.7722764015197754,0.772282600402832,0.772286593914032,0.7722899317741394,0.7722926139831543,0.7722949981689453,0.7722965478897095
0.6836152076721191,0.6890813112258911,0.728359580039978,0.7582554221153259,0.7687337398529053,0.7841414213180542,0.7883924841880798,0.7903937101364136,0.7843696475028992,0.785123348236084,0.7854009866714478,0.7854113578796387,0.7841284871101379,0.783987283706665,0.7837226986885071,0.7833865284919739,0.7820346355438232,0.7789714336395264,0.7785588502883911,0.7740905284881592,0.7737772464752197,0.7736712098121643,0.7713292837142944,0.7713087797164917,0.771302342414856,0.7712504863739014,0.7711921334266663,0.7711145877838135,0.7710497975349426,0.7709428071975708,0.7708133459091187
0.7064924240112305,0.7178511619567871,0.7858574390411377,0.7961674928665161,0.8010817766189575,0.8036444187164307,0.804985761642456,0.8056139945983887,0.8068208694458008,0.8048230409622192,0.8049537539482117,0.8047677874565125,0.8045797348022461,0.8043909072875977,0.8040735125541687,0.7996337413787842,0.7994385957717896,0.7992368936538696,0.7990782856941223,0.7989374399185181,0.7988183498382568,0.7986896634101868,0.7985780239105225,0.798436164855957,0.7983096837997437,0.7981764078140259,0.7953787446022034,0.7953665256500244,0.7953519821166992,0.7953234910964966,0.7952805161476135
0.70909184217453,0.7103563547134399,0.7555546760559082,0.7884948253631592,0.7976842522621155,0.8030713796615601,0.8065977096557617,0.8090817928314209,0.8098329305648804,0.8112918138504028,0.8101406097412109,0.8120912313461304,0.80899977684021,0.8090918064117432,0.8090931177139282,0.8089721202850342,0.8070437908172607,0.8033210039138794,0.7988203763961792,0.799196183681488,0.7992705702781677,0.7992934584617615,0.7992780208587646,0.799247682094574,0.7992154359817505,0.7991849780082703,0.7991529703140259,0.7991176843643188,0.7990797758102417,0.7990373969078064,0.798997700214386
0.7148116827011108,0.7150530815124512,0.7998934984207153,0.7860066890716553,0.7947517037391663,0.8010686635971069,0.8040647506713867,0.8001165390014648,0.7990602254867554,0.7982195615768433,0.7976957559585571,0.7973108291625977,0.7955902814865112,0.7948400974273682,0.7901520729064941,0.7895984053611755,0.7821125388145447,0.781943142414093,0.7818262577056885,0.7817205190658569,0.781617283821106,0.781527578830719,0.7814264297485352,0.7813141345977783,0.7812044024467468,0.7810993194580078,0.7809996008872986,0.7809039354324341,0.780813455581665,0.7807265520095825,0.7806465029716492
0.7226106524467468,0.7220879197120667,0.7794959545135498,0.774369478225708,0.7851419448852539,0.7909513711929321,0.7942544221878052,0.7960788607597351,0.7971185445785522,0.7976834774017334,0.7978925704956055,0.7978181838989258,0.7976239323616028,0.7973309755325317,0.7969523072242737,0.7953171730041504,0.7945365905761719,0.7923843860626221,0.7893034815788269,0.7848745584487915,0.7799743413925171,0.7786853313446045,0.776410698890686,0.7748399972915649,0.77115797996521,0.770743727684021,0.7696142792701721,0.7692629098892212,0.7689940929412842,0.7690490484237671,0.7688764333724976
0.7293692827224731,0.7342349886894226,0.7999741435050964,0.7917766571044922,0.8026646971702576,0.8094725012779236,0.814294695854187,0.8177767992019653,0.8203405141830444,0.8221603631973267,0.8232576251029968,0.8241938352584839,0.8267712593078613,0.8268246650695801,0.8276014924049377,0.823293924331665,0.8228914141654968,0.8223997950553894,0.8197816610336304,0.819414496421814,0.8191680908203125,0.8189419507980347,0.818722665309906,0.8184905052185059,0.8182697296142578,0.8180550932884216,0.8178359270095825,0.8168030977249146,0.8165668249130249,0.8163893818855286,0.8162006735801697
0.7324883937835693,0.7443630695343018,0.7993943691253662,0.7868930697441101,0.791954517364502,0.7941792011260986,0.7903160452842712,0.7893279790878296,0.7886000871658325,0.7861720323562622,0.7854311466217041,0.7847225666046143,0.7840631604194641,0.7815592288970947,0.780555009841919,0.7771008014678955,0.7766849398612976,0.7762044668197632,0.7758524417877197,0.7755289077758789,0.7753203511238098,0.7728303074836731,0.7723451852798462,0.7719422578811646,0.7716107368469238,0.7713137865066528,0.7710596323013306,0.764386773109436,0.764244556427002,0.7641289234161377,0.764026403427124
0.7388312816619873,0.7413846254348755,0.7901980876922607,0.803512692451477,0.809237539768219,0.8077040910720825,0.8079923987388611,0.8082913160324097,0.8071083426475525,0.8055613040924072,0.7948288321495056,0.7915681600570679,0.7913247346878052,0.7887096405029297,0.7878620624542236,0.7878247499465942,0.7837504148483276,0.7838436365127563,0.7839097380638123,0.7840062379837036,0.7840204238891602,0.7840181589126587,0.7840172052383423,0.7840048670768738,0.7839897871017456,0.7839727401733398,0.7839556336402893,0.7839362621307373,0.7839165329933167,0.7838994264602661,0.7838848829269409
0.749646782875061,0.7403616905212402,0.807671308517456,0.8136206269264221,0.8165673017501831,0.8151211738586426,0.8105341196060181,0.8092063665390015,0.808056116104126,0.8017382621765137,0.7859013080596924,0.7866977453231812,0.7869959473609924,0.7871793508529663,0.7872845530509949,0.7873627543449402,0.7874166965484619,0.7874565124511719,0.787492036819458,0.7875024080276489,0.7875120043754578,0.7875168919563293,0.7875220775604248,0.7875251770019531,0.7875275611877441,0.7875288724899292,0.7875298857688904,0.7875306606292725,0.787530779838562,0.7875308394432068,0.7875308394432068
0.7590047717094421,0.7402251362800598,0.7902208566665649,0.8005608916282654,0.7953365445137024,0.7959113121032715,0.7932970523834229,0.7896777987480164,0.7897518873214722,0.789023220539093,0.7883108258247375,0.787783682346344,0.7873213291168213,0.7824715375900269,0.7815935611724854,0.7809451818466187,0.7803031206130981,0.7797629833221436,0.7792378664016724,0.7751809358596802,0.7743757963180542,0.7740267515182495,0.7737177014350891,0.7696175575256348,0.7694668769836426,0.7693714499473572,0.7692862749099731,0.7691925168037415,0.7690671682357788,0.7688575983047485,0.7686741352081299
0.7709633111953735,0.7653912305831909,0.8162153959274292,0.8281587958335876,0.8321917653083801,0.8276592493057251,0.820793092250824,0.8205557465553284,0.8215306997299194,0.8200170397758484,0.8094135522842407,0.8038964867591858,0.8036367893218994,0.8009709119796753,0.7992191314697266,0.799221396446228,0.7965726852416992,0.796639621257782,0.7966898679733276,0.7967623472213745,0.7967705726623535,0.7967636585235596,0.7967649698257446,0.7967529296875,0.7967392206192017,0.7967244386672974,0.7967087030410767,0.7966914176940918,0.7966760993003845,0.7966623306274414,0.7966513633728027
0.7798024415969849,0.7770109176635742,0.8329452872276306,0.8262889981269836,0.8212347030639648,0.8220312595367432,0.8217384219169617,0.8210000991821289,0.8193132877349854,0.8188838958740234,0.818546712398529,0.8179256319999695,0.8172620534896851,0.8168532252311707,0.8165051341056824,0.8161807060241699,0.8158323764801025,0.8155086040496826,0.8152008652687073,0.8143555521965027,0.8138924837112427,0.8109990358352661,0.8078771829605103,0.8026075959205627,0.801017165184021,0.7991757392883301,0.7994341850280762,0.7989338040351868,0.7990663647651672,0.7991538047790527,0.7992255687713623
0.788644015789032,0.798439621925354,0.8332033753395081,0.8415374755859375,0.8284927606582642,0.8266369104385376,0.8250485062599182,0.805412769317627,0.8056767582893372,0.8058111071586609,0.8057577610015869,0.8056414127349854,0.8055302500724792,0.8053727149963379,0.8051749467849731,0.8023525476455688,0.802261471748352,0.8021780252456665,0.8008887767791748,0.8008754849433899,0.8008706569671631,0.7995947599411011,0.797815203666687,0.7979623675346375,0.7981109619140625,0.7982164621353149,0.7983013987541199,0.7983747124671936,0.7984330654144287,0.798481822013855,0.7985198497772217
